Name	Source	ID	Link	Creators	Type	Tags	Creation time	Update time	Latest version	Versions	Number of steps	Tools	EDAM operations	EDAM topics	License	DOI	Projects	Filtered on	To keep
RiboSnake: 16S rRNA analysis workflow with QIIME2 and Snakemake	WorkflowHub	1102	https:/workflowhub.eu/workflows/1102?version=1	Ann-Kathrin Dörr	Snakemake		2024-08-15	2024-08-15	1	1	0				MIT	10.48546/workflowhub.workflow.1102.1	16S rRNA Analysis		True
Generalizable machine learning models for rapid antimicrobial resistance prediction in unseen healthcare settings	WorkflowHub	1999	https:/workflowhub.eu/workflows/1999?version=1	Diane Duroux	Shell Script		2025-10-17	2025-10-17	1	1	0				GPL-3.0	10.48546/workflowhub.workflow.1999.1	AMRMALDI		True
MAGNETO (automated workflow dedicated to MAG reconstruction)	WorkflowHub	1815	https:/workflowhub.eu/workflows/1815?version=3	Samuel Chaffron, Audrey Bihouee, Benjamin Churcheward, Maxime Millet, Guillaume Fertin, Hugo Lefeuvre	Snakemake		2025-09-18	2025-09-25	3	3	0		Gene functional annotation, Genome assembly, Read binning, Read mapping, Sequence assembly, Sequencing quality control, Taxonomic classification	Metagenomics, Metatranscriptomics	GPL-3.0		BiRD		True
Bactria: BarCode TRee Inference and Analysis	WorkflowHub	706	https:/workflowhub.eu/workflows/706?version=1		Snakemake	bioinformatics, python, snakemake, phylogenetics	2024-01-24	2024-02-05	1	1	0				Apache-2.0		Biodiversity Genomics Europe (general)		True
Marine Omics identifying biosynthetic gene clusters	WorkflowHub	1105	https:/workflowhub.eu/workflows/1105?version=1	Marie Jossé	Galaxy	earth-system, ecology, marine omics, ocean	2024-08-21	2024-08-21	1	1	5	Create TSV file for Sanntis, Remove useless * in the protein fasta file, Use of Sanntis, Create the protein fasta file		Marine biology	CC-BY-4.0		FAIR-EASE, usegalaxy-eu		True
atavide	WorkflowHub	241	https:/workflowhub.eu/workflows/241?version=1		Snakemake		2021-11-21	2023-01-16	1	1	0				MIT	10.48546/workflowhub.workflow.241.1	FAME		True
16S_biodiversity_BIOM	WorkflowHub	142	https:/workflowhub.eu/workflows/142?version=1	Mike Thang	Galaxy	metadegalaxy	2021-08-11	2024-04-17	1	1	8	phyloseq_net, symmetricPlot, phyloseq_abundance, biom_convert, phyloseq_richness, phyloseq_taxonomy, phyloseq_DESeq2, biom_add_metadata	Taxonomic classification	Metagenomics	GPL-3.0		Galaxy Australia		True
Metatranscriptomics analysis using microbiome RNA-seq data	WorkflowHub	1466	https:/workflowhub.eu/workflows/1466?version=2		Galaxy	gtn, galaxy, microbiome	2025-06-23	2025-06-23	2	2	33	humann_split_stratified_table, Grouping1, Grep1, cutadapt, multiqc, humann, humann_regroup_table, fastq_paired_end_interlacer, bg_sortmerna, Cut1, tp_sort_header_tool, humann_renorm_table, graphlan_annotate, fastqc, tp_find_and_replace, humann_unpack_pathways, taxonomy_krona_chart, combine_metaphlan_humann, export2graphlan, graphlan, metaphlan, humann_rename_table			MIT		Galaxy Training Network		
Taxonomy Profiling and Visualization with Krona	WorkflowHub	1483	https:/workflowhub.eu/workflows/1483?version=1		Galaxy	gtn, galaxy, name:iwc, name:microgalaxy, name:pathogfair, name:collection	2025-06-02	2025-06-02	1	1	3	kraken2, krakentools_kreport2krona, taxonomy_krona_chart			MIT		Galaxy Training Network		
mrsa AMR gene detection	WorkflowHub	1488	https:/workflowhub.eu/workflows/1488?version=1		Galaxy	gtn, galaxy, microgalaxy, genome-annotation	2025-06-02	2025-06-02	1	1	6	tbl2gff3, jbrowse, Grep1, bowtie2, staramr_search, bakta			MIT		Galaxy Training Network		
Gene-based Pathogen Identification	WorkflowHub	1495	https:/workflowhub.eu/workflows/1495?version=1		Galaxy	gtn, galaxy, name:iwc, name:microgalaxy, name:pathogfair, name:collection	2025-06-02	2025-06-02	1	1	15	tp_find_and_replace, bandage_image, collection_element_identifiers, fasta2tab, tab2fasta, compose_text_param, param_value_from_file, flye, split_file_to_collection, medaka_consensus_pipeline, abricate, __BUILD_LIST__			MIT		Galaxy Training Network		True
Gene Cluster Product Similarity Search	WorkflowHub	1558	https:/workflowhub.eu/workflows/1558?version=1		Galaxy	gtn, galaxy, sempi3	2025-06-02	2025-06-02	1	1	12	ctb_np-likeness-calculator, interactive_tool_jupyter_notebook, tp_awk_tool, collapse_dataset, ctb_simsearch, ncbi_acc_download, ctb_silicos_qed, openbabel_remDuplicates, ctb_chemfp_mol2fps, Remove beginning1, antismash			CC-BY-4.0		Galaxy Training Network		True
From BAMs to drug resistance prediction with TB-profiler	WorkflowHub	1564	https:/workflowhub.eu/workflows/1564?version=1		Galaxy	gtn, galaxy, evolution	2025-06-02	2025-06-02	1	1	9	"Merge single-end and paired-end BAMs in a single collection to be analyzed alltogether
__MERGE_COLLECTION__, tp_replace_in_line, tp_sed_tool, tb_profiler_profile, tp_grep_tool, tp_cat, samtools_view, addName"			CC-BY-4.0		Galaxy Training Network		True
Workflow Constructed From History 'imported: testpourGCC'	WorkflowHub	1584	https:/workflowhub.eu/workflows/1584?version=1		Galaxy	gtn, galaxy, metabolomics	2025-06-02	2025-06-02	1	1	17	Univariate, abims_xcms_retcor, xcms_merge, generic_filter, quality_metrics, abims_CAMERA_annotateDiffreport, abims_xcms_xcmsSet, Batch_correction, xcms_plot_chromatogram, msnbase_readmsdata, wsdl_hmdb, abims_xcms_group, abims_xcms_fillPeaks			CC-BY-4.0		Galaxy Training Network		
MSI Finding Diff Analytes	WorkflowHub	1587	https:/workflowhub.eu/workflows/1587?version=1		Galaxy	gtn, galaxy, metabolomics	2025-06-02	2025-06-02	1	1	14	cardinal_quality_report, maldi_quant_peak_detection, cardinal_classification, Filter1, cardinal_combine, maldi_quant_preprocessing, cardinal_mz_images, Grep1, join_files_on_column_fuzzy, cardinal_segmentations, cardinal_preprocessing, Summary_Statistics1			CC-BY-4.0		Galaxy Training Network		
Molecular formula assignment and recalibration with MFAssignR package.	WorkflowHub	1591	https:/workflowhub.eu/workflows/1591?version=1		Galaxy	formulaassignment, gtn, galaxy, metabolomics, noiseestimation, recalibration	2025-06-02	2025-06-02	1	1	9	mfassignr_mfassignCHO, mfassignr_recal, mfassignr_kmdnoise, mfassignr_recallist, mfassignr_isofiltr, mfassignr_snplot, mfassignr_findRecalSeries, mfassignr_histnoise, mfassignr_mfassign			MIT		Galaxy Training Network		
workflow-generate-dataset-for-assembly-tutorial	WorkflowHub	1631	https:/workflowhub.eu/workflows/1631?version=1		Galaxy	gtn, galaxy	2025-06-02	2025-06-02	1	1	18	fastqc, megahit, random_lines1, seqtk_subseq, ngsutils_bam_filter, filter_tabular, cutadapt, bamtools, tp_cat, bowtie2, bg_uniq			CC-BY-4.0		Galaxy Training Network		
WF5_Data_Interpretation_Worklow	WorkflowHub	1482	https:/workflowhub.eu/workflows/1482?version=1		Galaxy	gtn, galaxy, name:clinicalmp	2025-06-02	2025-06-02	1	1	6	msstatstmt, Grep1, unipept			CC-BY-4.0		Galaxy Training Network		
pox-virus-tiled-amplicon-ref-masking	WorkflowHub	1632	https:/workflowhub.eu/workflows/1632?version=1		Galaxy	gtn, galaxy, variant-analysis	2025-06-02	2025-06-02	1	1	14	fasta_compute_length, compose_text_param, EMBOSS: maskseq51, Grep1, Cut1, param_value_from_file, Add_a_column1, datamash_ops			MIT		Galaxy Training Network		
Metagenomics assembly tutorial workflow	WorkflowHub	1634	https:/workflowhub.eu/workflows/1634?version=1		Galaxy	gtn, galaxy	2025-06-02	2025-06-02	1	1	8	quast, bandage_info, metaspades, megahit, bandage_image, collection_column_join, megahit_contig2fastg, bowtie2			CC-BY-4.0		Galaxy Training Network		
Workflow constructed from history 'Tuto Obitools'	WorkflowHub	1702	https:/workflowhub.eu/workflows/1702?version=1		Galaxy	ecology, gtn, galaxy	2025-06-02	2025-06-02	1	1	23	fastqc, join1, obi_ngsfilter, wc_gnu, obi_annotate, Filter1, obi_grep, obi_clean, obi_tab, Cut1, obi_illumina_pairend, seq_filter_by_id, obi_stat, ncbi_blastn_wrapper, obi_uniq, unzip, fastq_groomer			CC-BY-4.0		Galaxy Training Network		
Workflow7: Beta Diversity [Galaxy Training: 16S Microbial Analysis With Mothur]	WorkflowHub	1418	https:/workflowhub.eu/workflows/1418?version=1		Galaxy	gtn, galaxy, microbiome	2025-06-02	2025-06-02	1	1	6	mothur_venn, collapse_dataset, mothur_heatmap_sim, mothur_tree_shared, mothur_dist_shared, newick_display			MIT		Galaxy Training Network		
Workflow 6: Alpha Diversity [Galaxy Training: 16S Microbial Analysis With Mothur]	WorkflowHub	1412	https:/workflowhub.eu/workflows/1412?version=1		Galaxy	gtn, galaxy, microbiome	2025-06-02	2025-06-02	1	1	3	XY_Plot_1, mothur_rarefaction_single, mothur_summary_single			MIT		Galaxy Training Network		
Workflow 4: Mock OTU Clustering [Galaxy Training: 16S Microbial Analysis With Mothur]	WorkflowHub	1408	https:/workflowhub.eu/workflows/1408?version=1		Galaxy	gtn, galaxy, microbiome	2025-06-02	2025-06-02	1	1	4	mothur_make_shared, mothur_cluster, mothur_rarefaction_single, mothur_dist_seqs			MIT		Galaxy Training Network		
Workflow 5: OTU Clustering [Galaxy Training: 16S Microbial Analysis With Mothur]	WorkflowHub	1404	https:/workflowhub.eu/workflows/1404?version=1		Galaxy	gtn, galaxy, microbiome	2025-06-02	2025-06-02	1	1	6	mothur_count_groups, mothur_cluster_split, mothur_classify_otu, mothur_sub_sample, mothur_make_shared, mothur_remove_groups			MIT		Galaxy Training Network		
Assembly of metagenomic sequencing data	WorkflowHub	1390	https:/workflowhub.eu/workflows/1390?version=2		Galaxy	gtn, galaxy, microbiome	2025-06-16	2025-06-16	2	2	9	quast, bandage_info, metaspades, megahit, bandage_image, collection_column_join, megahit_contig2fastg, bowtie2, coverm_contig			MIT		Galaxy Training Network		True
MSI Workflow: spatial distribution	WorkflowHub	1593	https:/workflowhub.eu/workflows/1593?version=1		Galaxy	gtn, galaxy, metabolomics	2025-06-02	2025-06-02	1	1	8	cardinal_quality_report, Filter1, cardinal_mz_images, cardinal_data_exporter, cardinal_spectra_plots, cardinal_filtering			CC-BY-4.0		Galaxy Training Network		
workflow-generate-dataset-for-assembly-tutorial	WorkflowHub	1480	https:/workflowhub.eu/workflows/1480?version=1		Galaxy	gtn, galaxy	2025-06-02	2025-06-02	1	1	18	fastqc, megahit, random_lines1, seqtk_subseq, ngsutils_bam_filter, filter_tabular, cutadapt, bamtools, tp_cat, bowtie2, bg_uniq			CC-BY-4.0		Galaxy Training Network		
WF1_Database_Generation_Workflow	WorkflowHub	1474	https:/workflowhub.eu/workflows/1474?version=1		Galaxy	gtn, galaxy, name:clinicalmp	2025-06-02	2025-06-02	1	1	3	fasta_merge_files_and_filter_unique_sequences, metanovo			CC-BY-4.0		Galaxy Training Network		
Copy Of GTN Training - Antibiotic Resistance Detection	WorkflowHub	1477	https:/workflowhub.eu/workflows/1477?version=1		Galaxy	gtn, galaxy, microbiome	2025-06-02	2025-06-02	1	1	12	racon, nanoplot, unicycler, bandage_image, PlasFlow, miniasm, minimap2, staramr_search, gfa_to_fa			CC-BY-4.0		Galaxy Training Network		True
WF3_VERIFICATION_WORKFLOW	WorkflowHub	1425	https:/workflowhub.eu/workflows/1425?version=1		Galaxy	gtn, galaxy, name:clinicalmp	2025-06-02	2025-06-02	1	1	19	Grouping1, Filter1, query_tabular, Cut1, pepquery2, collapse_dataset, fasta_merge_files_and_filter_unique_sequences, tp_cat, Remove beginning1, uniprotxml_downloader, dbbuilder			CC-BY-4.0		Galaxy Training Network		
Workflow 3: Classification [Galaxy Training: 16S Microbial Analysis With Mothur]	WorkflowHub	1428	https:/workflowhub.eu/workflows/1428?version=1		Galaxy	gtn, galaxy, microbiome	2025-06-02	2025-06-02	1	1	3	mothur_summary_seqs, mothur_remove_lineage, mothur_classify_seqs			MIT		Galaxy Training Network		
Calculating diversity from microbiome taxonomic data	WorkflowHub	1431	https:/workflowhub.eu/workflows/1431?version=1		Galaxy	gtn, galaxy, name:gtn	2025-06-02	2025-06-02	1	1	6	krakentools_alpha_diversity, krakentools_beta_diversity			MIT		Galaxy Training Network		True
WF5_Data_Interpretation_Worklow	WorkflowHub	1433	https:/workflowhub.eu/workflows/1433?version=1		Galaxy	gtn, galaxy, name:clinicalmp	2025-06-02	2025-06-02	1	1	6	msstatstmt, Grep1, unipept			CC-BY-4.0		Galaxy Training Network		
WF2_Discovery-Workflow	WorkflowHub	1435	https:/workflowhub.eu/workflows/1435?version=1		Galaxy	gtn, galaxy, name:clinicalmp	2025-06-02	2025-06-02	1	1	24	peptide_shaker, Grouping1, ident_params, search_gui, fasta2tab, Filter1, maxquant, query_tabular, Grep1, filter_tabular, Cut1, fasta_cli, fasta_merge_files_and_filter_unique_sequences, tp_cat, Remove beginning1, msconvert, dbbuilder			CC-BY-4.0		Galaxy Training Network		
Identification of the micro-organisms in a beer using Nanopore sequencing	WorkflowHub	1439	https:/workflowhub.eu/workflows/1439?version=1		Galaxy	gtn, galaxy, microbiome	2025-06-02	2025-06-02	1	1	8	fastqc, Filter1, fastp, taxonomy_krona_chart, porechop, kraken2, krakentools_kreport2krona			MIT		Galaxy Training Network		True
Metaproteomics_GTN	WorkflowHub	1443	https:/workflowhub.eu/workflows/1443?version=1		Galaxy	gtn, galaxy, proteomics	2025-06-02	2025-06-02	1	1	10	peptide_shaker, search_gui, query_tabular, sqlite_to_tabular, unipept			CC-BY-4.0		Galaxy Training Network		
Workflow for Identifying MF from ITS2 sequencing using LotuS2 - tutorial example run'	WorkflowHub	1460	https:/workflowhub.eu/workflows/1460?version=1		Galaxy	ecology, fungi, gtn, galaxy, lotus2, metagenomics	2025-06-02	2025-06-02	1	1	1	lotus2			MIT		Galaxy Training Network		
Allele-based Pathogen Identification	WorkflowHub	1479	https:/workflowhub.eu/workflows/1479?version=1		Galaxy	gtn, galaxy, name:iwc, name:microgalaxy, name:pathogfair, name:collection	2025-06-02	2025-06-02	1	1	23	Remove beginning1, bcftools_norm, Paste1, Count1, Cut1, collapse_dataset, clair3, CONVERTER_gz_to_uncompressed, minimap2, snpSift_filter, samtools_coverage, tp_head_tool, tp_cut_tool, table_compute, samtools_depth, bcftools_consensus, regexColumn1, snpSift_extractFields			MIT		Galaxy Training Network		True
WF1_Database_Generation_Workflow	WorkflowHub	1461	https:/workflowhub.eu/workflows/1461?version=1		Galaxy	gtn, galaxy, name:clinicalmp	2025-06-02	2025-06-02	1	1	3	fasta_merge_files_and_filter_unique_sequences, metanovo			CC-BY-4.0		Galaxy Training Network		
Training: 16S rRNA Sequencing With Mothur: Main Tutorial	WorkflowHub	1465	https:/workflowhub.eu/workflows/1465?version=1		Galaxy	gtn, galaxy, microbiome	2025-06-02	2025-06-02	1	1	38	mothur_remove_seqs, mothur_remove_lineage, mothur_venn, mothur_dist_seqs, mothur_make_contigs, mothur_make_biom, mothur_dist_shared, XY_Plot_1, mothur_cluster, mothur_count_groups, mothur_classify_seqs, mothur_get_groups, mothur_align_seqs, mothur_tree_shared, mothur_summary_seqs, mothur_pre_cluster, taxonomy_krona_chart, mothur_count_seqs, mothur_chimera_vsearch, mothur_cluster_split, mothur_heatmap_sim, mothur_sub_sample, mothur_make_shared, mothur_filter_seqs, mothur_rarefaction_single, mothur_taxonomy_to_krona, mothur_screen_seqs, mothur_summary_single, mothur_seq_error, mothur_classify_otu, mothur_unique_seqs, mothur_remove_groups, newick_display			CC-BY-4.0		Galaxy Training Network		
Query a metaplasmidome database to identify and annotate plasmids in metagenomes	WorkflowHub	1469	https:/workflowhub.eu/workflows/1469?version=1		Galaxy	gtn, galaxy, metagenomics, metaplasmidome, name:microgalaxy	2025-06-02	2025-06-02	1	1	47	tp_sorted_uniq, ggplot2_histogram, sort1, Grouping1, Filter1, histogram_rpy, tab2fasta, tp_tail_tool, tp_replace_in_column, Cut1, add_column_headers, CONVERTER_fasta_to_tabular, minimap2, MQoutputfilter, join1, count_gff_features, Add_a_column1, cat1			MIT		Galaxy Training Network		
WF4_Quantitation_Workflow	WorkflowHub	1468	https:/workflowhub.eu/workflows/1468?version=1		Galaxy	gtn, galaxy, name:clinicalmp	2025-06-02	2025-06-02	1	1	7	maxquant, Grouping1, Grep1, Cut1			CC-BY-4.0		Galaxy Training Network		
Taxonomic Profiling and Visualization of Metagenomic Data	WorkflowHub	1470	https:/workflowhub.eu/workflows/1470?version=1		Galaxy	gtn, galaxy, microbiome	2025-06-02	2025-06-02	1	1	10	taxonomy_krona_chart, metaphlan, interactive_tool_pavian, kraken2, krakentools_kreport2krona, interactive_tool_phinch, est_abundance, kraken_biom, __UNZIP_COLLECTION__			MIT		Galaxy Training Network		
"WGS Part In ""Analyses Of Metagenomics Data - The Global Picture"""	WorkflowHub	1472	https:/workflowhub.eu/workflows/1472?version=1		Galaxy	gtn, galaxy, microbiome	2025-06-02	2025-06-02	1	1	7	metaphlan2, metaphlan2krona, taxonomy_krona_chart, humann2_regroup_table, humann2, humann2_renorm_table			CC-BY-4.0		Galaxy Training Network		
Training: 16S rRNA Analysis with Nanopore Sequencing Reads	WorkflowHub	1473	https:/workflowhub.eu/workflows/1473?version=1		Galaxy	gtn, galaxy, microbiome	2025-06-02	2025-06-02	1	1	11	fastqc, datamash_reverse, taxonomy_krona_chart, fastp, tp_replace_in_line, porechop, kraken2, Remove beginning1, multiqc			CC-BY-4.0		Galaxy Training Network		
Workflow 2: Data Cleaning And Chimera Removal [Galaxy Training: 16S Microbial Analysis With Mothur]	WorkflowHub	1400	https:/workflowhub.eu/workflows/1400?version=1		Galaxy	gtn, galaxy, microbiome	2025-06-02	2025-06-02	1	1	9	mothur_pre_cluster, mothur_remove_seqs, mothur_screen_seqs, mothur_chimera_vsearch, mothur_unique_seqs, mothur_summary_seqs, mothur_filter_seqs			MIT		Galaxy Training Network		
Amplicon Tutorial	WorkflowHub	1476	https:/workflowhub.eu/workflows/1476?version=1		Galaxy	gtn, galaxy, microbiome	2025-06-02	2025-06-02	1	1	17	mothur_make_group, mothur_classify_seqs, mothur_pre_cluster, mothur_count_seqs, mothur_screen_seqs, mothur_align_seqs, mothur_cluster_split, mothur_merge_files, mothur_classify_otu, mothur_make_shared, mothur_unique_seqs, mothur_summary_seqs, mothur_make_biom, mothur_filter_seqs, krona-text			CC-BY-4.0		Galaxy Training Network		True
WF3_VERIFICATION_WORKFLOW	WorkflowHub	1464	https:/workflowhub.eu/workflows/1464?version=1		Galaxy	gtn, galaxy, name:clinicalmp	2025-06-02	2025-06-02	1	1	19	Grouping1, Filter1, query_tabular, Cut1, pepquery2, collapse_dataset, fasta_merge_files_and_filter_unique_sequences, tp_cat, Remove beginning1, uniprotxml_downloader, dbbuilder			CC-BY-4.0		Galaxy Training Network		
WF2_Discovery-Workflow	WorkflowHub	1396	https:/workflowhub.eu/workflows/1396?version=1		Galaxy	gtn, galaxy, name:clinicalmp	2025-06-02	2025-06-02	1	1	24	peptide_shaker, Grouping1, ident_params, search_gui, fasta2tab, Filter1, maxquant, query_tabular, Grep1, filter_tabular, Cut1, fasta_cli, fasta_merge_files_and_filter_unique_sequences, tp_cat, Remove beginning1, msconvert, dbbuilder			CC-BY-4.0		Galaxy Training Network		
WF4_Quantitation_Workflow	WorkflowHub	1420	https:/workflowhub.eu/workflows/1420?version=1		Galaxy	gtn, galaxy, name:clinicalmp	2025-06-02	2025-06-02	1	1	7	maxquant, Grouping1, Grep1, Cut1			CC-BY-4.0		Galaxy Training Network		
MGnify amplicon summary tables	WorkflowHub	1851	https:/workflowhub.eu/workflows/1851?version=1		Galaxy	amplicon, gtn, galaxy, metagenomics, mgnify_amplicon, name:microgalaxy	2025-08-11	2025-08-11	1	1	10	Grouping1, query_tabular, tp_awk_tool, collection_column_join, filter_tabular			MIT		Galaxy Training Network		
MGnify's amplicon pipeline v5.0	WorkflowHub	1853	https:/workflowhub.eu/workflows/1853?version=1		Galaxy	amplicon, gtn, galaxy, metagenomics, mgnify_amplicon, name:microgalaxy	2025-08-11	2025-08-11	1	1	20	fastq_dl, , __MERGE_COLLECTION__, tp_awk_tool, CONVERTER_uncompressed_to_gz, CONVERTER_gz_to_uncompressed			Apache-2.0		Galaxy Training Network		
MGnify's amplicon pipeline v5.0 - rRNA prediction	WorkflowHub	1842	https:/workflowhub.eu/workflows/1842?version=1		Galaxy	amplicon, gtn, galaxy, metagenomics, mgnify_amplicon, name:microgalaxy	2025-08-04	2025-08-11	1	1	47	, infernal_cmsearch, collection_element_identifiers, taxonomy_krona_chart, query_tabular, cmsearch_deoverlap, __FILTER_EMPTY_DATASETS__, tp_awk_tool, biom_convert, mapseq, bedtools_getfastabed, gops_concat_1, cshl_fasta_formatter, __FILTER_FROM_FILE__			Apache-2.0		Galaxy Training Network		
MGnify's amplicon pipeline v5.0 - Quality control PE	WorkflowHub	1854	https:/workflowhub.eu/workflows/1854?version=1		Galaxy	amplicon, gtn, galaxy, metagenomics, mgnify_amplicon, name:microgalaxy	2025-08-11	2025-08-11	1	1	17	fastqc, tp_find_and_replace, multiqc, fastq_to_fasta_python, fastp, trimmomatic, mgnify_seqprep, cshl_fasta_formatter, fastq_filter, prinseq, __UNZIP_COLLECTION__			Apache-2.0		Galaxy Training Network		
MAPseq to ampvis2	WorkflowHub	1855	https:/workflowhub.eu/workflows/1855?version=1		Galaxy	gtn, galaxy, microbiome	2025-08-11	2025-08-11	1	1	9	query_tabular, tp_awk_tool, collection_column_join, collapse_dataset, ampvis2_load			MIT		Galaxy Training Network		True
Workflow 3: Functional Information (quick)	WorkflowHub	1447	https:/workflowhub.eu/workflows/1447?version=2		Galaxy	asaim, gtn, galaxy, metagenomics	2025-07-14	2025-07-14	2	2	12	humann_regroup_table, tp_find_and_replace, humann_split_stratified_table, humann_unpack_pathways, combine_metaphlan2_humann2, Cut1, Grep1, humann_rename_table, humann_renorm_table			MIT		Galaxy Training Network		
MGnify's amplicon pipeline v5.0 - ITS	WorkflowHub	1856	https:/workflowhub.eu/workflows/1856?version=1		Galaxy	amplicon, gtn, galaxy, metagenomics, mgnify_amplicon, name:microgalaxy	2025-08-11	2025-08-11	1	1	30	, bedtools_maskfastabed, collection_element_identifiers, taxonomy_krona_chart, tp_awk_tool, __FILTER_EMPTY_DATASETS__, biom_convert, mapseq, __FILTER_FROM_FILE__			Apache-2.0		Galaxy Training Network		
Pathogen Detection PathoGFAIR Samples Aggregation and Visualisation	WorkflowHub	1487	https:/workflowhub.eu/workflows/1487?version=2		Galaxy	gtn, galaxy, name:iwc, name:microgalaxy, name:pathogfair, name:collection	2025-07-07	2025-07-07	2	2	65	clustalw, Grouping1, fasta2tab, collapse_dataset, Remove beginning1, tp_sorted_uniq, tab2fasta, __FILTER_EMPTY_DATASETS__, Cut1, fasta_merge_files_and_filter_unique_sequences, bedtools_getfastabed, tp_multijoin_tool, ggplot2_heatmap, tp_split_on_column, Count1, __FILTER_FAILED_DATASETS__, regexColumn1, tp_replace_in_column, collection_column_join, fasttree, regex1, barchart_gnuplot, newick_display			MIT		Galaxy Training Network		
Nanopore Preprocessing	WorkflowHub	1492	https:/workflowhub.eu/workflows/1492?version=2		Galaxy	gtn, galaxy, name:iwc, name:microgalaxy, name:nanopore, name:pathogfair, name:collection	2025-07-07	2025-07-07	2	2	25	fastqc, nanoplot, samtools_fastx, fastp, Grep1, porechop, collapse_dataset, __FILTER_FAILED_DATASETS__, kraken2, Cut1, collection_column_join, minimap2, Add_a_column1, regexColumn1, bamtools_split_mapped, krakentools_extract_kraken_reads, multiqc			MIT		Galaxy Training Network		
Metatranscriptomics analysis using microbiome RNA-seq data - Workflow 3: Functional Information	WorkflowHub	1456	https:/workflowhub.eu/workflows/1456?version=2		Galaxy	gtn, galaxy, microbiome	2025-06-23	2025-06-23	2	2	18	humann_regroup_table, humann_split_stratified_table, tp_find_and_replace, humann_unpack_pathways, Grep1, tp_sort_header_tool, humann_renorm_table, humann_rename_table, humann			MIT		Galaxy Training Network		
Building an amplicon sequence variant (ASV) table from 16S data using DADA2	WorkflowHub	1395	https:/workflowhub.eu/workflows/1395?version=2		Galaxy	gtn, galaxy, microbiome	2025-07-07	2025-07-07	2	2	21	dada2_plotQualityProfile, dada2_seqCounts, dada2_mergePairs, collection_element_identifiers, dada2_learnErrors, dada2_filterAndTrim, tp_replace_in_line, dada2_removeBimeraDenovo, tp_replace_in_column, __SORTLIST__, dada2_dada, tp_head_tool, dada2_assignTaxonomyAddspecies, phyloseq_from_dada2, Add_a_column1, dada2_makeSequenceTable, __UNZIP_COLLECTION__, cat1			MIT		Galaxy Training Network		True
GTN Training - Antibiotic Resistance Detection	WorkflowHub	406	https:/workflowhub.eu/workflows/406?version=1	Saskia Hiltemann, Willem de Koning	Galaxy	metagenomics	2022-11-24	2023-02-13	1	1	12	racon, nanoplot, unicycler, bandage_image, PlasFlow, miniasm, minimap2, staramr_search, gfa_to_fa	Antimicrobial resistance prediction	Microbiology	CC-BY-4.0		Galaxy Training Network		True
Workflow 1: Quality Control [Galaxy Training: 16S Microbial Analysis With Mothur]	WorkflowHub	1422	https:/workflowhub.eu/workflows/1422?version=1		Galaxy	gtn, galaxy, microbiome	2025-06-02	2025-06-02	1	1	5	mothur_summary_seqs, mothur_count_seqs, mothur_screen_seqs, mothur_unique_seqs			MIT		Galaxy Training Network		
Metatranscriptomics analysis using microbiome RNA-seq data - Workflow 2: Community profile	WorkflowHub	1451	https:/workflowhub.eu/workflows/1451?version=2		Galaxy	gtn, galaxy, microbiome	2025-06-23	2025-06-23	2	2	6	graphlan, taxonomy_krona_chart, metaphlan, Cut1, graphlan_annotate, export2graphlan			MIT		Galaxy Training Network		
Metatranscriptomics analysis using microbiome RNA-seq data - Workflow 1: Preprocessing	WorkflowHub	1444	https:/workflowhub.eu/workflows/1444?version=2		Galaxy	gtn, galaxy, microbiome	2025-06-23	2025-06-23	2	2	6	fastqc, fastq_paired_end_interlacer, bg_sortmerna, cutadapt, multiqc			MIT		Galaxy Training Network		
MGnify's amplicon pipeline v5.0 - Quality control SE	WorkflowHub	1850	https:/workflowhub.eu/workflows/1850?version=1		Galaxy	amplicon, gtn, galaxy, metagenomics, mgnify_amplicon, name:microgalaxy	2025-08-11	2025-08-11	1	1	14	fastqc, tp_find_and_replace, fastq_to_fasta_python, trimmomatic, cshl_fasta_formatter, fastq_filter, prinseq, multiqc			Apache-2.0		Galaxy Training Network		
Marine Omics identifying biosynthetic gene clusters	WorkflowHub	1663	https:/workflowhub.eu/workflows/1663?version=1	Marie Jossé	Galaxy	earth-system, gtn, galaxy, marineomics, ocean	2025-06-02	2025-07-28	1	1	5	sanntis_marine, interproscan, prodigal, regex1			CC-BY-4.0	10.48546/workflowhub.workflow.1663.1	Galaxy Training Network, EuroScienceGateway		True
Hecatomb	WorkflowHub	235	https:/workflowhub.eu/workflows/235?version=1	Michael Roach	Snakemake		2021-11-11	2024-05-13	1	1	0				MIT	10.48546/workflowhub.workflow.235.1	HecatombDevelopment		True
Sorting and registration of Terahertz ELBE raw data	WorkflowHub	473	https:/workflowhub.eu/workflows/473?version=1		Uniform Interface to Computing Resources		2023-05-17	2023-06-07	1	1	0				CC-BY-4.0		Helmholtz Scientific Project Workflow Platform		
Metagenome and metatranscriptome assembly in CWL	WorkflowHub	474	https:/workflowhub.eu/workflows/474?version=2		Common Workflow Language		2023-06-21	2023-06-21	2	2	0				CC-BY-4.0		HoloFood at MGnify		
EukRecover	WorkflowHub	475	https:/workflowhub.eu/workflows/475?version=1		Snakemake		2023-05-19	2023-05-19	1	1	0				CC-BY-4.0		HoloFood at MGnify		True
MetaGT: A pipeline for de novo assembly of metatranscriptomes with the aid of metagenomic data	WorkflowHub	454	https:/workflowhub.eu/workflows/454?version=1	Andrey Prjibelski, Varsha Kale, Anton Korobeynikov	Nextflow	metagenomics, multi-omics, expression, metatranscriptomics	2023-04-12	2023-04-13	1	1	0				MIT		HoloFood at MGnify		
Pathway Ranker	WorkflowHub	25	https:/workflowhub.eu/workflows/25?version=1	Melchior du Lac	Galaxy	retrosynthesis, synthetic biology, metabolic engineering, pathway design, pathway prediction	2020-05-29	2023-01-16	1	1	12	"
 retrorules, 
 rpFBA, 
 rpGlobalScore, 
 rpCofactors, 
 retropath2, 
 rpReport, 
 rpThermo, 
 makeSource, 
 rpVisualiser, 
 rp2paths, 
 rpReader, 
 rpExtractSink"			MIT		IBISBA Workflows		
RetroSynthesis	WorkflowHub	24	https:/workflowhub.eu/workflows/24?version=1	Melchior du Lac	Galaxy	retrosynthesis, synthetic biology, metabolic engineering, pathway design, pathway prediction	2020-05-29	2023-01-16	1	1	7	"
 retrorules, 
 rpCofactors, 
 retropath2, 
 makeSource, 
 rp2paths, 
 rpReader, 
 rpExtractSink"			MIT		IBISBA Workflows		
Object tracking using CellProfiler	WorkflowHub	115	https:/workflowhub.eu/workflows/115?version=1		Galaxy	cellprofiler, galaxy, image processing, imaging	2021-03-21	2023-07-03	1	1	12	cp_measure_object_intensity, cp_identify_primary_objects, cp_export_to_spreadsheet, cp_overlay_outlines, cp_tile, cp_save_images, cp_track_objects, cp_color_to_gray, cp_cellprofiler, cp_common, unzip, cp_measure_object_size_shape		Bioimaging, Imaging	Apache-2.0		IBISBA Workflows, Euro-BioImaging		
SNP-Calling Workflow	WorkflowHub	442	https:/workflowhub.eu/workflows/442?version=1		Nextflow	bwa-mem, gatk4, rice, variant calling	2023-03-21	2023-03-21	1	1	0	GATK, BWA			MIT		IRRI Bioinformatics Group		
1: Plant virus detection with kraken2 (PE)	WorkflowHub	101	https:/workflowhub.eu/workflows/101?version=1		Galaxy	virology, kraken	2021-02-04	2023-02-13	1	1	3	kraken2, Kraken2Tax, taxonomy_krona_chart			Apache-2.0		Integrated and Urban Plant Pathology Laboratory		True
1: Plant virus detection with kraken2 (SE)	WorkflowHub	124	https:/workflowhub.eu/workflows/124?version=1		Galaxy	virology, kraken	2021-06-17	2023-02-13	1	1	3	kraken2, Kraken2Tax, taxonomy_krona_chart			Apache-2.0		Integrated and Urban Plant Pathology Laboratory		True
allele-based-pathogen-identification/main	WorkflowHub	1063	https:/workflowhub.eu/workflows/1063?version=5	Engy Nasr, Bérénice Batut, Paul Zierep	Galaxy		2025-03-26	2025-12-12	5	5	23	Remove beginning1, bcftools_norm, Paste1, Count1, Cut1, collapse_dataset, clair3, CONVERTER_gz_to_uncompressed, minimap2, snpSift_filter, samtools_coverage, tp_head_tool, tp_cut_tool, table_compute, samtools_depth, bcftools_consensus, regexColumn1, snpSift_extractFields			MIT		Intergalactic Workflow Commission (IWC)		True
taxonomic-rank-abundance-summary-table/main	WorkflowHub	1296	https:/workflowhub.eu/workflows/1296?version=2	Rand Zoabi	Galaxy		2025-03-26	2025-12-12	2	2	8	Grouping1, map_param_value, tp_awk_tool, collection_column_join, filter_tabular			MIT		Intergalactic Workflow Commission (IWC)		True
mapseq-to-ampvis2/main	WorkflowHub	1275	https:/workflowhub.eu/workflows/1275?version=2	Rand Zoabi, Mara Besemer	Galaxy		2025-03-26	2025-12-12	2	2	9	query_tabular, tp_awk_tool, collection_column_join, collapse_dataset, ampvis2_load			MIT		Intergalactic Workflow Commission (IWC)		True
mgnify-amplicon-pipeline-v5-complete/main	WorkflowHub	1274	https:/workflowhub.eu/workflows/1274?version=2	Rand Zoabi, Paul Zierep	Galaxy		2025-03-26	2025-12-12	2	2	20	fastq_dl, , __MERGE_COLLECTION__, tp_awk_tool, CONVERTER_uncompressed_to_gz, CONVERTER_gz_to_uncompressed			Apache-2.0		Intergalactic Workflow Commission (IWC)		True
mgnify-amplicon-pipeline-v5-its/main	WorkflowHub	1273	https:/workflowhub.eu/workflows/1273?version=2	Rand Zoabi, Paul Zierep	Galaxy		2025-03-26	2025-12-12	2	2	30	, bedtools_maskfastabed, collection_element_identifiers, taxonomy_krona_chart, tp_awk_tool, __FILTER_EMPTY_DATASETS__, biom_convert, mapseq, __FILTER_FROM_FILE__			Apache-2.0		Intergalactic Workflow Commission (IWC)		True
clinicalmp-discovery/main	WorkflowHub	1225	https:/workflowhub.eu/workflows/1225?version=1	Subina Mehta	Galaxy		2024-12-10	2025-11-27	1	1	24	peptide_shaker, Grouping1, ident_params, search_gui, fasta2tab, Filter1, maxquant, query_tabular, Grep1, filter_tabular, Cut1, fasta_cli, fasta_merge_files_and_filter_unique_sequences, tp_cat, Remove beginning1, msconvert, dbbuilder			CC-BY-4.0		Intergalactic Workflow Commission (IWC)		True
dada2/main	WorkflowHub	790	https:/workflowhub.eu/workflows/790?version=3	Matthias Bernt	Galaxy	name:amplicon	2025-03-26	2025-12-12	3	3	14	dada2_plotQualityProfile, dada2_seqCounts, dada2_mergePairs, dada2_learnErrors, dada2_filterAndTrim, dada2_removeBimeraDenovo, __APPLY_RULES__, dada2_dada, dada2_assignTaxonomyAddspecies, dada2_makeSequenceTable, __UNZIP_COLLECTION__			MIT		Intergalactic Workflow Commission (IWC)		True
mgnify-amplicon-pipeline-v5-quality-control-paired-end/main	WorkflowHub	1272	https:/workflowhub.eu/workflows/1272?version=2	Rand Zoabi, Paul Zierep	Galaxy		2025-03-26	2025-12-12	2	2	17	fastqc, tp_find_and_replace, multiqc, fastq_to_fasta_python, fastp, trimmomatic, mgnify_seqprep, cshl_fasta_formatter, fastq_filter, prinseq, __UNZIP_COLLECTION__			Apache-2.0		Intergalactic Workflow Commission (IWC)		True
qiime2-II-denoising/IIa-denoising-se	WorkflowHub	892	https:/workflowhub.eu/workflows/892?version=3	Debjyoti Ghosh	Galaxy		2024-11-27	2025-12-12	3	3	4	qiime2__feature_table__summarize, qiime2__metadata__tabulate, qiime2__feature_table__tabulate_seqs, qiime2__dada2__denoise_single			MIT		Intergalactic Workflow Commission (IWC)		True
taxonomy-profiling-and-visualization-with-krona/main	WorkflowHub	1059	https:/workflowhub.eu/workflows/1059?version=1	Engy Nasr, Bérénice Batut, Paul Zierep	Galaxy		2024-06-26	2025-11-27	1	1	3	kraken2, krakentools_kreport2krona, taxonomy_krona_chart			MIT	10.48546/workflowhub.workflow.1059.1	Intergalactic Workflow Commission (IWC)		True
nanopore-pre-processing/main	WorkflowHub	1061	https:/workflowhub.eu/workflows/1061?version=1	Bérénice Batut, Engy Nasr, Paul Zierep	Galaxy		2024-06-26	2025-11-27	1	1	25	fastqc, nanoplot, samtools_fastx, fastp, Grep1, porechop, collapse_dataset, __FILTER_FAILED_DATASETS__, kraken2, Cut1, collection_column_join, minimap2, Add_a_column1, regexColumn1, bamtools_split_mapped, krakentools_extract_kraken_reads, multiqc			MIT	10.48546/workflowhub.workflow.1061.1	Intergalactic Workflow Commission (IWC)		True
clinicalmp-quantitation/main	WorkflowHub	1177	https:/workflowhub.eu/workflows/1177?version=1	GalaxyP	Galaxy		2024-10-07	2025-12-12	1	1	7	"Quantified-Peptides
Grouping1, maxquant, extracting microbial Peptides
Grep1, Quantified-Proteins
Grouping1, extracting microbial Proteins
Grep1, extract peptides
Cut1, extract proteins
Cut1"			CC-BY-4.0		Intergalactic Workflow Commission (IWC)		True
mgnify-amplicon-pipeline-v5-quality-control-single-end/main	WorkflowHub	1271	https:/workflowhub.eu/workflows/1271?version=3	Rand Zoabi, Paul Zierep	Galaxy		2025-03-26	2025-12-12	3	3	14	fastqc, tp_find_and_replace, fastq_to_fasta_python, trimmomatic, cshl_fasta_formatter, fastq_filter, prinseq, multiqc			Apache-2.0		Intergalactic Workflow Commission (IWC)		True
mgnify-amplicon-pipeline-v5-rrna-prediction/main	WorkflowHub	1270	https:/workflowhub.eu/workflows/1270?version=2	Rand Zoabi, Paul Zierep	Galaxy		2025-03-26	2025-12-12	2	2	47	, infernal_cmsearch, collection_element_identifiers, taxonomy_krona_chart, query_tabular, cmsearch_deoverlap, __FILTER_EMPTY_DATASETS__, tp_awk_tool, biom_convert, mapseq, bedtools_getfastabed, gops_concat_1, cshl_fasta_formatter, __FILTER_FROM_FILE__			Apache-2.0		Intergalactic Workflow Commission (IWC)		True
mgnify-amplicon-taxonomic-summary-tables/main	WorkflowHub	1269	https:/workflowhub.eu/workflows/1269?version=2	Rand Zoabi	Galaxy		2025-03-26	2025-12-12	2	2	10	Grouping1, query_tabular, tp_awk_tool, collection_column_join, filter_tabular			MIT		Intergalactic Workflow Commission (IWC)		True
clinicalmp-verification/main	WorkflowHub	1218	https:/workflowhub.eu/workflows/1218?version=1	Pratik Jagtap	Galaxy		2024-11-26	2025-11-27	1	1	19	Grouping1, Filter1, query_tabular, Cut1, pepquery2, collapse_dataset, fasta_merge_files_and_filter_unique_sequences, tp_cat, Remove beginning1, uniprotxml_downloader, dbbuilder			CC-BY-4.0		Intergalactic Workflow Commission (IWC)		True
openms-metaprosip/main	WorkflowHub	613	https:/workflowhub.eu/workflows/613?version=2	Matthias Bernt	Galaxy		2024-06-22	2025-12-12	2	2	8	FeatureFinderMultiplex, MSGFPlusAdapter, FalseDiscoveryRate, __SORTLIST__, DecoyDatabase, IDMapper, MetaProSIP, PeptideIndexer			MIT		Intergalactic Workflow Commission (IWC)		True
gSpreadComp	WorkflowHub	1340	https:/workflowhub.eu/workflows/1340?version=3	Jonas Kasmanas	Shell Script	bioinformatics, genomics, antimicrobial resistance, microbiome	2025-04-20	2025-04-20	3	3	0			Bioinformatics, Comparative genomics, Data curation and archival, Microbiology	GPL-3.0	10.48546/workflowhub.workflow.1340.3	Kasmanas		True
mettannotator	WorkflowHub	1069	https:/workflowhub.eu/workflows/1069?version=3	Tatiana Gurbich, Martin Beracochea	Nextflow	bioinformatics, metagenomics	2025-01-21	2025-01-21	3	3	0			Genomics, Metagenomics	Apache-2.0		MGnify		
MGnify - raw-reads analysis pipeline	WorkflowHub	362	https:/workflowhub.eu/workflows/362?version=1	Ekaterina Sakharova, Varsha Kale, Martin Beracochea	Common Workflow Language	cwl, metagenomics, workflows	2022-06-07	2023-01-16	1	1	4				Apache-2.0	10.48546/workflowhub.workflow.362.1	MGnify		
MGnify - amplicon analysis pipeline	WorkflowHub	361	https:/workflowhub.eu/workflows/361?version=1	Alex L Mitchell,  Alexandre Almeida,  Martin Beracochea,  Miguel Boland,  Josephine Burgin,  Guy Cochrane,  Michael R Crusoe,  Varsha Kale,  Simon C Potter,  Lorna J Richardson,  Ekaterina Sakharova,  Maxim Scheremetjew,  Anton Korobeynikov,  Alex Shlemov,  Olga Kunyavskaya,  Alla Lapidus,  Robert D Finn	Common Workflow Language	cwl, metagenomics, rna, workflow	2022-06-07	2023-01-16	1	1	3				Apache-2.0		MGnify		
VIRify	WorkflowHub	26	https:/workflowhub.eu/workflows/26?version=1	Martin Beracochea	Common Workflow Language	covid-19	2020-06-08	2023-01-16	1	1	17	hmmscan, VirSorter, Filter contigs, VirFinder, Combine, krona plots, ViPhOG annotations, MashMap, Restore fasta names, Blast in a database of viral sequences including metagenomes, Prodigal, ratio evalue ViPhOG, Taxonomic assign, Default lenght 1kb https://github.com/EBI-Metagenomics/emg-virify-scripts/issues/6, PPR-Meta			Apache-2.0	10.48546/workflowhub.workflow.26.1	MGnify		
MGnify genomes catalogue pipeline	WorkflowHub	462	https:/workflowhub.eu/workflows/462?version=3	Ekaterina Sakharova, Tatiana Gurbich, Martin Beracochea	Nextflow	bioinformatics, metagenomics, nextflow	2024-12-03	2024-12-03	3	3	0				Apache-2.0		MGnify		
Mobilome Annotation Pipeline	WorkflowHub	452	https:/workflowhub.eu/workflows/452?version=2	Alejandra Escobar, Martin Beracochea	Nextflow	genomics, mge, metagenomics, mobilome, nextflow	2025-06-17	2025-06-17	2	2	0			Metagenomics, Mobile genetic elements	Apache-2.0		MGnify		
BioSIFTR	WorkflowHub	1735	https:/workflowhub.eu/workflows/1735?version=1	Alejandra Escobar	Nextflow		2025-06-17	2025-06-17	1	1	0			Metagenomics	Apache-2.0	10.48546/workflowhub.workflow.1735.1	MGnify		True
MGnify raw reads taxonomic profiling pipeline	WorkflowHub	450	https:/workflowhub.eu/workflows/450?version=1	Ekaterina Sakharova, Martin Beracochea	Nextflow	metagenomics, nextflow	2023-03-30	2023-03-30	1	1	0	Biopython, Metagenomic operational taxonomic units (mOTUs), MAPseq, Infernal			Apache-2.0		MGnify		
VIRify	WorkflowHub	27	https:/workflowhub.eu/workflows/27?version=1	Martin Beracochea	Nextflow	covid-19	2020-06-08	2023-03-24	1	1	0				Apache-2.0		MGnify, HoloFood at MGnify		
MGnify - assembly analysis pipeline	WorkflowHub	360	https:/workflowhub.eu/workflows/360?version=2	 Alex L Mitchell,  Alexandre Almeida,  Martin Beracochea,  Miguel Boland,  Josephine Burgin,  Guy Cochrane,  Michael R Crusoe,  Varsha Kale,  Simon C Potter,  Lorna J Richardson,  Ekaterina Sakharova,  Maxim Scheremetjew,  Anton Korobeynikov,  Alex Shlemov,  Olga Kunyavskaya,  Alla Lapidus,  Robert D Finn	Common Workflow Language	annotation, cwl, metagenomics, workflow	2022-06-07	2023-04-28	2	2	4				Apache-2.0		MGnify, HoloFood at MGnify		
Tango: Numerical reconciliation of bacterial fermentation in cheese production	WorkflowHub	873	https:/workflowhub.eu/workflows/873?version=1		Common Workflow Language		2024-05-03	2024-05-03	1	1	6			Microbial ecology	GPL-3.0		MISTIC		
Exploring the role of normalization and feature selection in microbiome disease classification pipelines	WorkflowHub	1807	https:/workflowhub.eu/workflows/1807?version=1	Ignacio Garach	Python	bioinformatics, machine learning, metagenomics	2025-07-13	2025-07-13	1	1	0			Machine learning, Metagenomics	GPL-3.0	10.48546/workflowhub.workflow.1807.1	Machine Learning Techniques in Microbiome		True
ProGFASTAGen - Protein-Graph FASTA Generation (and Identification) Workflows	WorkflowHub	837	https:/workflowhub.eu/workflows/837?version=1	Dominik Lux, Julian Uszkoreit	Nextflow	bioinformatics, proteomics	2024-04-26	2024-04-26	1	1	0		Peptide identification, Protein identification	Bioinformatics, Protein variants, Proteomics	BSD-3-Clause	10.48546/workflowhub.workflow.837.1	Medizinisches Proteom-Center, Medical Bioinformatics		
SnakeMAGs: a simple, efficient, flexible and scalable workflow to reconstruct prokaryotic genomes from metagenomes	WorkflowHub	554	https:/workflowhub.eu/workflows/554?version=1	Nachida Tadrent, Franck Dedeine, Vincent Hervé	Snakemake	bioinformatics, mag, metagenomics, binning	2023-08-02	2023-08-02	1	1	0			Bioinformatics, Metagenomics	CECILL-2.1		Metagenomic tools		
Swedish Earth Biogenome Project Genome Assembly Workflow	WorkflowHub	1106	https:/workflowhub.eu/workflows/1106?version=1	Mahesh Binzer-Panchal, Martin Pippel	Nextflow	bioinformatics, genome_assembly	2024-08-23	2024-08-26	1	1	0	Hifiasm, GenomeScope 2.0, Merqury, Meryl, BUSCO, QUAST, purge_dups, SAMtools, TaxonKit, MitoHiFi, Mash	Contact map calculation, Sequence profile generation, k-mer counting	Sequence assembly	GPL-3.0		NBIS, ERGA Assembly		
Use Case 13: Novel Cell Surface Targets for Individual Cancer Patients Analyzed with Common Fund Datasets	WorkflowHub	814	https:/workflowhub.eu/workflows/814?version=1		Common Workflow Language		2024-04-16	2024-04-23	1	1	13	Identify gene-centric information from Metabolomics., Resolve regulatory elements from gene with Linked Data Hub, Identify RNA-seq-like LINCS L1000 CRISPR KO Signatures which reverse the expression of the gene., Ensure a file contains a gene count matrix, load it into a standard format, Extract Metabolomics reactions for the gene from MetGENE, Upload a Data File, Identify RNA-seq-like LINCS L1000 Chemical Perturbagen Signatures which reverse the expression of the gene., Extract Metabolomics metabolites for the gene from MetGENE, Based on IDG understudied proteins list, Select one Gene, Find protein product records in GlyGen for the gene, Identify significantly overexpressed genes when compared to normal tissue in GTEx, Identify RNA-seq-like LINCS L1000 Signatures which reverse the expression of the gene.			CC-BY-NC-SA-4.0		NIH CFDE Playbook Workflow Partnership		
Use Case 10: Guilt by Association	WorkflowHub	1244	https:/workflowhub.eu/workflows/1244?version=2	Playbook Partnership NIH CFDE	Playbook Workflow Builder Workflow		2025-02-25	2025-02-25	2	2	4	"Extract nodes that are ""guilty by association"" and connect your initial genes of interest within the graph., Start with a set of Genes, Use CTD to ""Connect the Dots"" and identify highly connected set of proteins in the STRING protein interaction graph. *Please note 10-150 genes of interest are required to run CTD, Extract nodes that are determined to be highly connected by CTD in your initial node set and display them in a table."			CC-BY-4.0	10.48546/workflowhub.workflow.1244.2	NIH CFDE Playbook Workflow Partnership		
Use Case 11: Related Proteins/Metabolites across DCCs	WorkflowHub	1245	https:/workflowhub.eu/workflows/1245?version=2	Playbook Partnership NIH CFDE	Playbook Workflow Builder Workflow		2025-02-25	2025-02-25	2	2	9	Compute the MetGENE Reactions for a Gene Set, Query LINCS L1000 Signatures, Compute the MetGENE studies function for a gene set, Given StringDB PPI, generate the list of nodes (GeneSet), Perform Enrichment Analysis, Compute the MetGENE metabolites for a Gene Set, Given a gene or gene set (SYMBOL), extract PPI using StringDB APIs, Given StringDB PPI, reformat for plotting, Start with a Gene			CC-BY-4.0	10.48546/workflowhub.workflow.1245.2	NIH CFDE Playbook Workflow Partnership		
Use Case 13: Novel Cell Surface Targets for Individual Cancer Patients Analyzed with Common Fund Datasets	WorkflowHub	1246	https:/workflowhub.eu/workflows/1246?version=2	Playbook Partnership NIH CFDE	Playbook Workflow Builder Workflow		2025-02-25	2025-02-25	2	2	13	Based on IDG proteins list, Identify gene-centric information from Metabolomics., Identify RNA-seq-like LINCS L1000 CRISPR KO Signatures which reverse the expression of the gene., Ensure a file contains a gene count matrix, load it into a standard format, Extract Metabolomics reactions for the gene from MetGENE, Upload a Data File, Identify RNA-seq-like LINCS L1000 Chemical Perturbagen Signatures which reverse the expression of the gene., Extract Metabolomics metabolites for the gene from MetGENE, Find protein product records in GlyGen for the gene, Select one Gene, Regulatory elements in 10kbps region upstream or downstream of gene body., Identify significantly overexpressed genes when compared to normal tissue in GTEx, Identify RNA-seq-like LINCS L1000 Signatures which reverse the expression of the gene.			CC-BY-4.0	10.48546/workflowhub.workflow.1246.2	NIH CFDE Playbook Workflow Partnership		
ONT -- Metagenomics-Kraken2-Krona	WorkflowHub	53	https:/workflowhub.eu/workflows/53?version=1	Milad Miladi	Galaxy	ont	2020-08-05	2023-02-13	1	1	4	kraken2, tp_replace_in_line, datamash_reverse, taxonomy_krona_chart			MIT		NanoGalaxy		
ONT Artificial Deletion Filter-Delter	WorkflowHub	1205	https:/workflowhub.eu/workflows/1205?version=2	Qiang Ye	Snakemake	bioinformatics, indels, r, workflows	2024-12-17	2024-12-17	2	2	0		Statistical calculation	Computational biology	MIT	10.48546/workflowhub.workflow.1205.2	NkuyfqLab		
OpenEBench TCGA Cancer Driver Genes benchmarking workflow	WorkflowHub	244	https:/workflowhub.eu/workflows/244?version=4	José Mª Fernández, Asier Gonzalez-Uriarte	Nextflow	benchmarking, openebench, tcga	2021-11-29	2023-01-16	4	4	0				LGPL-3.0		OpenEBench		
Obitools eDNA metabarcoding	WorkflowHub	655	https:/workflowhub.eu/workflows/655?version=1	Yvan Le Bras, Coline Royaux	Galaxy	biodiversity, ecology	2023-11-09	2024-12-09	1	1	23	fastqc, join1, obi_ngsfilter, wc_gnu, obi_annotate, Filter1, obi_grep, obi_clean, obi_tab, Cut1, obi_illumina_pairend, seq_filter_by_id, obi_stat, ncbi_blastn_wrapper, obi_uniq, unzip, fastq_groomer	DNA barcoding	Biodiversity, Ecology, Genetics, Phylogenetics	CC-BY-4.0	10.48546/workflowhub.workflow.655.1	PNDB		
Pangenome databases provide superior host removal and mycobacteria classification from clinical metagenomic data	WorkflowHub	700	https:/workflowhub.eu/workflows/700?version=2	Michael Hall	Snakemake		2024-01-10	2024-01-10	2	2	0				MIT	10.48546/workflowhub.workflow.700.2	Pangenome database project		
The Polygenic Score Catalog Calculator	WorkflowHub	556	https:/workflowhub.eu/workflows/556?version=7	Samuel Lambert, Benjamin Wingfield, Laurent Gil	Nextflow	gwas, nextflow, workflows, genomic ancestry, polygenic risk score, polygenic score, prediction	2024-11-01	2024-11-01	7	7	0	PLINK		DNA polymorphism, Genetic variation, Genomics, Human genetics	Apache-2.0		Polygenic Score Catalog		
Workflow 1: Further Quality Control [16S Microbial Analysis With Mothur]	WorkflowHub	648	https:/workflowhub.eu/workflows/648?version=1	Saskia  Hiltemann, Bérénice Batut, Dave Clements, Ahmed Mehdi	Galaxy	metagenomics	2023-11-09	2023-11-09	1	1	5	mothur_summary_seqs, mothur_count_seqs, mothur_screen_seqs, mothur_unique_seqs			CC-BY-4.0		QCIF Bioinformatics		
Taxonomy classification using Kraken2 and Bracken	WorkflowHub	1199	https:/workflowhub.eu/workflows/1199?version=2	Valentine Murigneux, Mike Thang	Galaxy	gucfg2galaxy, metagenomics, name:collection, shotgun	2024-12-10	2024-12-10	2	2	29	"krakentools_combine_kreports, Extract column name and fraction_total_reads from Bracken report
Cut1, Prepare alpha diversity summary file
Paste1, add_line_to_file, taxonomy_krona_chart, krakentools_alpha_diversity, collection_element_identifiers, cat_multiple, Fisher results contains a header line we want to exclude ""Fisher's alpha...loading""
Show tail1, Prepare alpha diversity summary file (paste sample identifiers and Simpson results)
Paste1, krakentools_beta_diversity, collection_column_join, kraken2, krakentools_kreport2krona, Prepare alpha diversity summary file (paste Simpson and Fisher results)
Paste1, est_abundance, __RELABEL_FROM_FILE__, regex1"		Metagenomics, Taxonomy	CC-BY-4.0	10.48546/workflowhub.workflow.1199.2	QCIF Bioinformatics		
16S_biodiversity_for_overlap_paired_end	WorkflowHub	232	https:/workflowhub.eu/workflows/232?version=1		Galaxy	metadegalaxy	2021-11-10	2024-04-17	1	1	27	"vsearch_search, samtools_fastx, phyloseq_net, phyloseq_abundance, phyloseq_richness, picard_FilterSamReads, biom_add_metadata, vsearch_clustering, vsearch_chimera_detection, iuc_pear, bwa_mem, biom_convert, vsearch_dereplication, picard_MergeSamFiles, fastqc, 
 cat1, uclust2otutable, 
 addValue, trimmomatic, phyloseq_DESeq2, 
 Cut1, symmetricPlot, phyloseq_taxonomy"	Taxonomic classification	Metagenomics	GPL-3.0		QCIF Bioinformatics		True
Workflow 7 : Beta Diversity [16S Microbial Analysis With Mothur]	WorkflowHub	653	https:/workflowhub.eu/workflows/653?version=1	Saskia Hiltemann, Bérénice Batut, Dave Clements, Ahmed Mehdi	Galaxy	metagenomics	2023-11-09	2023-11-09	1	1	4	mothur_heatmap_sim, mothur_tree_shared, newick_display, mothur_dist_shared			CC-BY-4.0		QCIF Bioinformatics		
Workflow 6: Alpha Diversity [16S Microbial Analysis With Mothur]	WorkflowHub	652	https:/workflowhub.eu/workflows/652?version=1	Saskia Hiltemann, Bérénice Batut, Dave Clements, Ahmed Mehdi	Galaxy	metagenomics	2023-11-09	2023-11-09	1	1	3	XY_Plot_1, mothur_rarefaction_single, mothur_summary_single			CC-BY-4.0		QCIF Bioinformatics		
16S_biodiversity_for_nonoverlap_paired_end	WorkflowHub	233	https:/workflowhub.eu/workflows/233?version=1		Galaxy	metadegalaxy	2021-11-10	2024-04-17	1	1	25	"vsearch_search, samtools_fastx, phyloseq_net, phyloseq_abundance, phyloseq_richness, cat_multi_datasets, picard_FilterSamReads, biom_add_metadata, vsearch_clustering, vsearch_chimera_detection, bwa_mem, biom_convert, vsearch_dereplication, fastqc, 
 cat1, uclust2otutable, 
 addValue, trimmomatic, phyloseq_DESeq2, 
 Cut1, symmetricPlot, phyloseq_taxonomy"	Taxonomic classification	Metagenomics	GPL-3.0		QCIF Bioinformatics		True
Workflow 3: Classification [Galaxy Training: 16S Microbial Analysis With Mothur]	WorkflowHub	650	https:/workflowhub.eu/workflows/650?version=1	Saskia Hiltemann, Bérénice Batut, Dave Clements, Ahmed Mehdi	Galaxy	metagenomics	2023-11-09	2023-11-09	1	1	2	mothur_remove_lineage, mothur_classify_seqs			CC-BY-4.0		QCIF Bioinformatics		
Workflow 5: OTU Clustering [16S Microbial Analysis With Mothur]	WorkflowHub	651	https:/workflowhub.eu/workflows/651?version=1	Saskia Hiltemann, Bérénice Batut, Dave Clements, Ahmed Mehdi	Galaxy	metagenomics	2023-11-09	2023-11-09	1	1	5	mothur_count_groups, mothur_cluster_split, mothur_classify_otu, mothur_sub_sample, mothur_make_shared			CC-BY-4.0		QCIF Bioinformatics		
ONTViSc (ONT-based Viral Screening for Biosecurity)	WorkflowHub	683	https:/workflowhub.eu/workflows/683?version=3	Marie-Emilie  Gauthier, Craig Windell, Magdalena Antczak, Roberto Barrero	Nextflow	assembly, bioinformatics, nextflow, ont, virology, virus, blast, singularity	2024-12-18	2024-12-18	3	3	0				MIT	10.48546/workflowhub.workflow.683.3	QCIF Bioinformatics		
Workflow 2: Data Cleaning And Chimera Removal [16S Microbial Analysis With Mothur]	WorkflowHub	649	https:/workflowhub.eu/workflows/649?version=1	Saskia Hiltemann, Bérénice Batut, Dave Clements, Ahmed Mehdi	Galaxy	metagenomics	2023-11-09	2023-11-09	1	1	9	mothur_pre_cluster, mothur_remove_seqs, mothur_screen_seqs, mothur_chimera_vsearch, mothur_unique_seqs, mothur_summary_seqs, mothur_filter_seqs			CC-BY-4.0		QCIF Bioinformatics		
Analyses of shotgun metagenomics data with MetaPhlAn2	WorkflowHub	624	https:/workflowhub.eu/workflows/624?version=1	Valentine Murigneux, Mike Thang, Saskia Hiltemann, Bérénice Batut	Galaxy	gucfg2galaxy, metagenomics, shotgun	2023-10-26	2024-04-05	1	1	17	metaphlan2, , metaphlan2krona, taxonomy_krona_chart, humann2_regroup_table, humann2, Cut1, merge_metaphlan_tables, humann2_renorm_table	Taxonomic classification	Metagenomic sequencing, Metagenomics	CC-BY-4.0	10.48546/workflowhub.workflow.624.1	QCIF Bioinformatics		True
Theoretical fragment substructure generation and in silico mass spectral library high-resolution upcycling workflow	WorkflowHub	888	https:/workflowhub.eu/workflows/888?version=2	Zargham Ahmad, Helge Hecht, Elliott J. Price	Galaxy	bioinformatics, cheminformatics, metabolomics	2024-06-06	2024-06-19	2	2	22	msmetaenhancer, tp_find_and_replace, matchms_remove_key, recetox_msfinder, csv_to_tabular, tabular_to_csv, matchms_convert, column_remove_by_header, rem_complex, matchms_add_key, matchms_filtering, use_theoretical_mz_annotations, matchms_metadata_export, matchms_subsetting	Annotation, Data filtering, Information retrieval	Compound libraries and screening, Computational chemistry, Data mining, Small molecules	CC-BY-4.0	10.48546/workflowhub.workflow.888.2	RECETOX SpecDatRI		
SARS-CoV-2 Illumina Amplicon pipeline - SANBI - v1.2	WorkflowHub	519	https:/workflowhub.eu/workflows/519?version=1	Peter van Heusden, Bradley W. Langhorst	Galaxy	artic, sanbi, sars-cov-2, covid-19	2023-06-28	2023-06-30	1	1	20	bbtools_bbmap, multiqc, ivar_variants, qualimap_bamqc, __FLATTEN__, deeptools_bam_coverage, ivar_consensus, fastp, compose_text_param, tp_awk_tool, collapse_dataset, samtools_stats, tp_sed_tool, snpeff_sars_cov_2, tp_cat, samtools_view, read_it_and_keep, samtools_ampliconclip			MIT		SANBI Pathogen Bioinformatics		
SARS-CoV-2 ONT Amplicon Sequencing SANBI 1.0	WorkflowHub	521	https:/workflowhub.eu/workflows/521?version=1		Galaxy	sanbi, sars-cov-2, nanopore	2023-06-29	2023-06-29	1	1	5	nanoplot, artic_guppyplex, read_it_and_keep, artic_minion			CC-BY-4.0		SANBI Pathogen Bioinformatics		
SAMBA: Standardized and Automated MetaBarcoding Analyses workflow	WorkflowHub	156	https:/workflowhub.eu/workflows/156?version=1	Cyril Noel, Alexandre Cormier, Laura Leroi, Patrick Durand	Nextflow	16s, 18s, metabarcoding, nextflow, edna	2021-09-10	2025-06-05	1	1	0				AGPL-3.0	10.48546/workflowhub.workflow.156.1	SeBiMER		
SAMBA-norovirus	WorkflowHub	1727	https:/workflowhub.eu/workflows/1727?version=1	Cyril Noel, Antoine Veron, Françoise Vincent-Hubert, Julien Schaeffer, Marion Desdouits, Soizick Le Guyader	Nextflow	metabarcoding, workflows, taxonomic-classification	2025-06-10	2025-06-10	1	1	0		Taxonomic classification	Metabarcoding, Workflows	AGPL-3.0	10.48546/workflowhub.workflow.1727.1	SeBiMER		
Workflow 4: Staramr	WorkflowHub	470	https:/workflowhub.eu/workflows/470?version=1		Galaxy	10.3390/microorganisms10020292, amr, amr-detection, bioinformatics, antimicrobial resistance	2023-05-11	2024-09-09	1	1	10	tp_find_and_replace, hamronize_tool, hamronize_summarize, collapse_dataset, staramr_search, abricate, shovill			GPL-3.0		Seq4AMR		
Workflow 3: AMR - SeqSero2/SISTR	WorkflowHub	407	https:/workflowhub.eu/workflows/407?version=1		Galaxy	bioinformatics, antimicrobial resistance	2022-11-24	2024-09-09	1	1	14	srst2, hamronize_tool, bbtools_bbduk, hamronize_summarize, sistr_cmd, mob_recon, bbtools_tadpole, kma_map, seqsero2, shovill, __UNZIP_COLLECTION__			GPL-3.0		Seq4AMR		
AMR-Pathfinder	WorkflowHub	1189	https:/workflowhub.eu/workflows/1189?version=2	Helena Rasche, Dennis Dollée, Birgit Rijvers	Galaxy	amr, amr-detection, benchamrking	2024-11-14	2024-12-24	2	2	36	, tp_text_file_with_recurring_lines, Grep1, collapse_dataset, cat_multi_datasets, abricate, datamash_ops, addValue, Cut1, tp_find_and_replace, tp_split_on_column, hamronize_summarize, cast, cat1, hamronize_tool, __MERGE_COLLECTION__, __APPLY_RULES__, staramr_search, shovill	Antimicrobial resistance prediction		MIT		Seq4AMR, ErasmusMC Clinical Bioinformatics		True
Metaenome-Atlas	WorkflowHub	1183	https:/workflowhub.eu/workflows/1183?version=1		Python		2024-10-21	2024-10-21	1	1	0			Metagenomics	BSD-3-Clause		Snakemake-Workflows		True
Shotgun-Metagenomics-Analysis	WorkflowHub	327	https:/workflowhub.eu/workflows/327?version=1	Cali Willet, Rosemarie Sadsad, Tracy Chew	Shell Script	assembly, diamond, metagenomics, abricate, antimicrobial resistance, bbmap, braken, humann2, kraken, prokka, shotgun, whole genome sequencing	2022-04-07	2023-01-16	1	1	0			Metagenomic sequencing, Metagenomics	GPL-3.0	10.48546/workflowhub.workflow.327.1	Sydney Informatics Hub, Australian BioCommons		
Long Read WGS pipeline	WorkflowHub	1868	https:/workflowhub.eu/workflows/1868?version=1	Martijn Melissen	Common Workflow Language	annotation, assembly, bioinformatics, cwl, galaxy, genomics, python, workflows, plasmid, plasmids	2025-08-12	2025-08-12	1	1	31	Flye, Filtlong, Minimap2, Clair3, FreeBayes, Bakta, snpEff, Liftoff	Conversion, Generation	Bioinformatics, Genomics, Sequence assembly	CC-BY-4.0		Systems and Synthetic Biology		True
reference (and plasmid) preprocessing workflow	WorkflowHub	1818	https:/workflowhub.eu/workflows/1818?version=1	Martijn Melissen	Common Workflow Language	bioinformatics, cwl, genbank, gff3, plasmids	2025-07-22	2025-08-12	1	1	6	Merges the plasmid(s) with the reference GenBank file., Extracts FASTA file from input reference file when no plasmids are provided., Downloads the associated GenBank file from the supplied accession number., Merges plasmids when more than one are present., Extracts GFF3 annotation file from the (merged) reference., Determines relevant final outputs.			Apache-2.0		Systems and Synthetic Biology		
TronFlow alignment pipeline	WorkflowHub	418	https:/workflowhub.eu/workflows/418?version=1		Nextflow	alignment, bwa, bioinformatics, star, fastp	2023-01-17	2023-01-17	1	1	0				MIT		TRON gGmbH		
sanger-tol/ensemblrepeatdownload v1.0.0 - Gwaihir the Windlord	WorkflowHub	667	https:/workflowhub.eu/workflows/667?version=1	Matthieu Muffato, Priyanka Surana	Nextflow		2023-11-14	2023-11-14	1	1	0				MIT		Tree of Life Genome Analysis		
sanger-tol/insdcdownload v1.0.1 - Hefty mûmakil	WorkflowHub	666	https:/workflowhub.eu/workflows/666?version=1	Matthieu Muffato, Priyanka Surana	Nextflow		2023-11-14	2023-11-14	1	1	0				MIT		Tree of Life Genome Analysis		
sanger-tol/insdcdownload v1.1.0 - Deciduous ent	WorkflowHub	638	https:/workflowhub.eu/workflows/638?version=1	Matthieu Muffato, Priyanka Surana	Nextflow	bioinformatics	2023-11-02	2023-11-14	1	1	0				MIT		Tree of Life Genome Analysis		
sanger-tol/readmapping v1.1.0 - Hebridean Black	WorkflowHub	665	https:/workflowhub.eu/workflows/665?version=1	 Priyanka Surana	Nextflow		2023-11-14	2023-11-14	1	1	0				MIT		Tree of Life Genome Analysis		
sanger-tol/treeval v1.1.0 - Ancient Aurora	WorkflowHub	813	https:/workflowhub.eu/workflows/813?version=1	Damon-Lee Pointon, William Eagles, Ying Sims	Nextflow	bioinformatics, genomics, genome_assembly	2024-04-09	2024-04-09	1	1	0	SAMtools, BEDTools, Minimap2, pyfastaq, Nextflow, BUSCO, seqtk, UCSC Genome Browser Utilities, PretextView, JBrowse 2, Merqury, miniprot, tabix, MUMmer	Genome alignment, Genome assembly, Sequence assembly visualisation		MIT		Tree of Life Genome Assembly		
sanger-tol/treeval v1.0 - Ancient Atlantis	WorkflowHub	668	https:/workflowhub.eu/workflows/668?version=1	Damon-Lee Pointon, Will Eagles, Ying Sims, Matthieu Muffato, Priyanka Surana	Nextflow		2023-11-14	2023-11-14	1	1	0				MIT		Tree of Life Genome Assembly		
sanger-tol/curationpretext	WorkflowHub	1321	https:/workflowhub.eu/workflows/1321?version=1	Damon-Lee Pointon	Nextflow	bioinformatics, genomics	2025-03-12	2025-03-12	1	1	0	Nextflow, PretextView			MIT		Tree of Life Genome Assembly, Tree of Life Genome Analysis		
sanger-tol/curationpretext	WorkflowHub	1320	https:/workflowhub.eu/workflows/1320?version=1	Damon-Lee Pointon	Nextflow	bioinformatics, genomics	2025-03-12	2025-03-12	1	1	0		Genome visualisation	Bioinformatics, Mapping, Workflows	MIT		Tree of Life Genome Assembly, Tree of Life Genome Analysis		
(Hybrid) Metagenomics workflow	WorkflowHub	367	https:/workflowhub.eu/workflows/367?version=3	Bart Nijsse, Jasper Koehorst, Changlin Ke	Common Workflow Language	assembly, metagenomics, binning, illumina	2025-09-09	2025-09-09	3	3	23	SPAdes, Flye, Minimap2, NanoPlot, QUAST, SemiBin, MetaBAT 2, MaxBin, kraken2, BUSCO, CheckM, InterProScan (EBI), eggNOG, kofamscan, KofamKOALA, Sequali, Hostile, Binette	Sequence assembly	Bioinformatics, Metagenomic sequencing, Metagenomics, Sequence assembly	Apache-2.0		UNLOCK		True
Longread 16S classification workflow	WorkflowHub	1952	https:/workflowhub.eu/workflows/1952?version=1	Bart Nijsse, Jasper Koehorst	Common Workflow Language	amplicon, bioinformatics, long-reads, oxford-nanopore, pacbio	2025-09-10	2025-09-10	1	1	4	NanoPlot, fastplong		Bioinformatics, Workflows	Apache-2.0		UNLOCK		True
Quality assessment, amplicon classification and functional prediction	WorkflowHub	154	https:/workflowhub.eu/workflows/154?version=2	Bart Nijsse, Jasper Koehorst	Common Workflow Language	amplicon, cwl, classification	2021-09-30	2025-09-11	2	2	10				AFL-3.0	10.48546/workflowhub.workflow.154.2	UNLOCK		
LongRead Quality Control and Filtering	WorkflowHub	337	https:/workflowhub.eu/workflows/337?version=1	Bart Nijsse, Jasper Koehorst, Germán Royval	Common Workflow Language	assembly, cwl, genomics, nanopore	2022-04-21	2023-04-07	1	1	9	Visualization of Kraken2 classification with Krona, Quality assessment and report of reads before filter, Merge fastq files, Taxonomic classification of FASTQ reads, Prepare BBMap references to a single fasta file and unique headers, Preparation of fastp output files to a specific output folder, Converts the file array to a single file object, Removal of contaminated reads using minimap2 mapping	Sequencing quality control	Metagenomic sequencing, Metagenomics, Sequence analysis, Sequencing	Apache-2.0		UNLOCK		True
Nanopore Assembly Workflow - Deprecated -	WorkflowHub	254	https:/workflowhub.eu/workflows/254?version=3	Bart Nijsse, Jasper Koehorst, Germán Royval	Common Workflow Language	genomics, metagenomics, nanopore	2022-04-20	2023-02-02	3	3	22	Preparation of metaQUAST output files to a specific output folder, Preparation of QUAST output files to a specific output folder, Taxonomic classification of FASTQ reads, Preparation of pilon output files to a specific output folder, Illumina reads assembly polishing with Pilon, Illumina evaluation of pilon polished assembly with metaQUAST, evaluation of polished assembly with metaQUAST, Illumina read mapping on pilon assembly for binning, Compress large kraken2 report file, De novo assembly of single-molecule reads with Flye, Quality and filtering workflow for nanopore reads, Visualization of kraken2 with Krona, Medaka for polishing of assembled genome, Quality and filtering workflow for illumina reads, Preparation of Kraken2 output files to a specific output folder, Preparation of Medaka output files to a specific output folder, Binning workflow to create bins, Preparation of Flye output files to a specific output folder, Sam file conversion to a sorted bam file, Preparation of quast output files to a specific output folder, Taxonomic classification of Nanopore reads	Sequence assembly, Sequencing quality control	Bioinformatics, Metagenomic sequencing, Metagenomics, Sequence assembly, Sequencing	Apache-2.0		UNLOCK		
Metagenomic Binning from Assembly	WorkflowHub	64	https:/workflowhub.eu/workflows/64?version=12	Jasper Koehorst, Bart Nijsse	Common Workflow Language	metagenomics, binning, metagenome, microbial	2025-10-03	2025-10-03	12	6	31	MetaBAT 2, SemiBin, MaxBin, Binette, BUSCO, CheckM2	Sequence assembly	Metagenomics	Apache-2.0		UNLOCK		
NGTax	WorkflowHub	45	https:/workflowhub.eu/workflows/45?version=7	Jasper Koehorst, Bart Nijsse	Common Workflow Language	16s, amplicon, its	2020-10-28	2023-01-16	7	1	5				CC0-1.0		UNLOCK		
Microbial (meta-) genome annotation	WorkflowHub	1170	https:/workflowhub.eu/workflows/1170?version=1	Jasper Koehorst, Bart Nijsse	Common Workflow Language	annotation, bioinformatics, genome, metagenome, microbial	2024-10-01	2025-10-03	1	1	9	Compress Bakta, Gather files when compression is false, eggNOG-mapper, KofamScan, Bacterial genome annotation tool, InterProScan 5, Move all Bakta files to a folder, Compress files when compression is true	Annotation, Gene functional annotation, Genome annotation	Microbiology	Apache-2.0		UNLOCK		
Metagenomic GEMs from Assembly	WorkflowHub	372	https:/workflowhub.eu/workflows/372?version=1	Bart Nijsse, Jasper Koehorst	Common Workflow Language	gem, genomics, metagenomics, carveme, memote	2022-07-07	2023-01-16	1	1	11	Compress CarveMe GEM, Species METabolic interaction ANAlysis, Compress prodigal protein files, Take a snapshot of a model's state and generate a report., prodigal gene/protein prediction, Preparation of workflow output files to a specific output folder, MEMOTE run analsis, CarveMe GEM statistics, Genome-scale metabolic models reconstruction with CarveMe	Metabolic pathway prediction	Metagenomics, Sequence analysis	Apache-2.0		UNLOCK		
RNA sequencing data obtained from organisms with a reference genome and annotation followed by a prediction step of editing sites using RDDpred	WorkflowHub	264	https:/workflowhub.eu/workflows/264?version=1		Nextflow		2022-01-27	2023-01-16	1	1	0				MIT		VIB Bioinformatics Core		
AmpSeeker	WorkflowHub	1729	https:/workflowhub.eu/workflows/1729?version=1		Snakemake		2025-06-12	2025-06-12	1	1	0				CC-BY-4.0		Vector informatics and genomics group		True
Snakemake workflow for PacBio WGS short and long variant calling, phasing and much more	WorkflowHub	1965	https:/workflowhub.eu/workflows/1965?version=2	daniel rickert	Snakemake	bioinformatics, genomics, snps, snakemake, dna-methylation, structural variants	2025-10-17	2025-10-28	2	2	0	Snakemake, DeepVariant, Sniffles, BCFtools, SAMtools, FastQC, Variant Effect Predictor (VEP), SnpSift, AnnotSV, pbmm2		Genomics, Human genetics	CC-BY-4.0	10.48546/workflowhub.workflow.1965.2	WGGC		
X-omics ACTIONdemonstrator analysis workflow	WorkflowHub	402	https:/workflowhub.eu/workflows/402?version=8	Casper de Visser, Anna Niehues	Nextflow	behavioral data, epigenomics, fair, metabolomics, multi-omics, nextflow	2023-11-24	2023-11-24	8	8	0		Clustering, Dimensionality reduction	Epigenomics, Metabolomics	CC-BY-4.0	10.48546/workflowhub.workflow.402.8	X-omics		
ZARP: An automated workflow for processing of RNA-seq data	WorkflowHub	447	https:/workflowhub.eu/workflows/447?version=1	Zavolan Lab	Snakemake	bioinformatics, ngs, rnaseq, high-throughput, rna, rna-seq	2023-03-21	2023-05-12	1	1	0				Apache-2.0	10.48546/workflowhub.workflow.447.1	Zavolan Lab		
Soil Metagenome Pipeline	WorkflowHub	1960	https:/workflowhub.eu/workflows/1960?version=1	Caner Bagci	Nextflow	annotation, assembly, bioinformatics, genomics, metagenomics, biosynthetic-gene-clusters	2025-09-19	2025-09-19	1	1	0	Flye, Medaka, NextPolish, Minimap2, SAMtools, CoverM, strobealign, SemiBin, VAMB, MetaCoAG, CheckM2, CheckM, GTDB, Bakta, eggNOG-mapper v2, antiSMASH, MMseqs2, metabuli	Genome annotation, Sequence assembly, Taxonomic classification	Bioinformatics, Metagenomics, Sequence assembly	GPL-3.0-or-later	10.48546/workflowhub.workflow.1960.1	ZiemertLab		
Gene Expression Analysis Workflow in Complex Microbiomes	WorkflowHub	1955	https:/workflowhub.eu/workflows/1955?version=2	Ryo Mameda, Sora Yonezawa	Common Workflow Language	annotation, metagenomics, metatranscriptomics	2025-10-02	2025-10-02	2	2	3	BLASTN rRNA annotation process	Gene expression profiling, Genome annotation, Sequence annotation, Sequence assembly, Sequence trimming	Bioinformatics, Microbiology, Sequence analysis, Sequence assembly	MIT	10.48546/workflowhub.workflow.1955.2	bonohulab		True
3D genome builder (3DGB)	WorkflowHub	2010	https:/workflowhub.eu/workflows/2010?version=1		Snakemake		2025-10-26	2025-10-26	1	1	0			Functional genomics, Genomics	BSD-3-Clause		datafun		True
A workflow for marine Genomic Observatories data analysis	WorkflowHub	384	https:/workflowhub.eu/workflows/384?version=3	Haris Zafeiropoulos, Martin Beracochea	Common Workflow Language	biodiversity	2023-05-16	2023-05-16	3	3	0				Apache-2.0	10.48546/workflowhub.workflow.384.3	emo-bon		True
nf-core/rnaseq	WorkflowHub	44	https:/workflowhub.eu/workflows/44?version=37	Harshil Patel, Phil Ewels, Rickard Hammarén	Nextflow	rna, rna-seq	2025-09-03	2025-12-14	37	37	0				MIT		nf-core		
nf-core/phyloplace	WorkflowHub	1009	https:/workflowhub.eu/workflows/1009?version=2	Daniel Lundin	Nextflow	evolution, evolutionary-tree, phylogenetic-placement, phylogenetics, sequence-classification, taxonomy-assignment	2025-02-25	2025-02-25	1	2	0				MIT		nf-core		
nf-core/molkart	WorkflowHub	1001	https:/workflowhub.eu/workflows/1001?version=2	@kbestak None, @kbestak None, @FloWuenne None, @FloWuenne None	Nextflow	segmentation, transcriptomics, fish, image-processing, imaging, molecularcartography, single-cell, spatial	2025-03-26	2025-12-12	2	2	0				MIT		nf-core		
nf-core/pacvar	WorkflowHub	1293	https:/workflowhub.eu/workflows/1293?version=3		Nextflow	alignment, wgs, long-read, pacbio, puretarget, variant-calling	2025-03-26	2025-12-12	3	3	0				MIT		nf-core		
nf-core/scrnaseq	WorkflowHub	1021	https:/workflowhub.eu/workflows/1021?version=17	Peter J Bailey, Bailey PJ, Alexander Peltzer, Botvinnik O, Olga Botvinnik, Marques de Almeida F, Peltzer A, Sturm G	Nextflow	10x-genomics, 10xgenomics, cellranger, alevin, bustools, kallisto, rna-seq, single-cell, star-solo	2025-03-26	2025-12-12	1	17	0				MIT		nf-core		
nf-core/pixelator	WorkflowHub	1010	https:/workflowhub.eu/workflows/1010?version=10	Pixelgen Technologies AB	Nextflow	molecular-pixelation, pixelator, pixelgen-technologies, proteins, single-cell, single-cell-omics	2025-06-25	2025-12-12	10	10	0				MIT		nf-core		
nf-core/fastquorum	WorkflowHub	985	https:/workflowhub.eu/workflows/985?version=4	Nils Homer	Nextflow	consensus, umi, umis, unique-molecular-identifier	2025-04-13	2025-04-13	1	4	0				MIT		nf-core		
nf-core/createtaxdb	WorkflowHub	1742	https:/workflowhub.eu/workflows/1742?version=1		Nextflow	metagenomics, profiling, database, database-builder, metagenomic-profiling, taxonomic-profiling	2025-06-20	2025-06-20	1	1	0				MIT		nf-core		
nf-core/hlatyping	WorkflowHub	991	https:/workflowhub.eu/workflows/991?version=11	Christopher Mohr, Alexander Peltzer, Sven Fillinger	Nextflow	dna, hla, hla-typing, immunology, optitype, personalized-medicine, rna	2025-04-16	2025-04-16	11	11	0				MIT		nf-core		
nf-core/demultiplex	WorkflowHub	978	https:/workflowhub.eu/workflows/978?version=15	Chelsea Sawyer, Edmund Miller, Matthias De Smet	Nextflow	bases2fastq, bcl2fastq, demultiplexing, elementbiosciences, illumina	2025-04-26	2025-04-26	1	15	0				MIT		nf-core		
nf-core/pangenome	WorkflowHub	1007	https:/workflowhub.eu/workflows/1007?version=5	Simon Heumos, Michael L Heuer	Nextflow	pangenome	2025-02-10	2025-12-12	1	5	0				MIT		nf-core		
nf-core/nascent	WorkflowHub	1004	https:/workflowhub.eu/workflows/1004?version=6	Ignacio Tripodi, Margaret Gruca	Nextflow	gro-seq, nascent, pro-seq, rna, transcription, tss	2025-05-09	2025-12-12	1	6	0				MIT		nf-core		
nf-core/methylong	WorkflowHub	1360	https:/workflowhub.eu/workflows/1360?version=1		Nextflow		2025-05-10	2025-12-14	1	1	0				MIT		nf-core		
nf-core/coproid	WorkflowHub	974	https:/workflowhub.eu/workflows/974?version=4	Maxime Borry	Nextflow	adna, ancient-dna, coprolite, microbiome	2025-05-23	2025-05-23	1	4	0				MIT		nf-core		
nf-core/funcscan	WorkflowHub	987	https:/workflowhub.eu/workflows/987?version=12	Jasmin Frangenberg, Anan Ibrahim, James A. Fellows Yates	Nextflow	amr, assembly, metagenomics, amp, antibiotic-resistance, antimicrobial-peptides, antimicrobial-resistance-genes, arg, bgc, biosynthetic-gene-clusters, contigs, function, natural-products, screening, secondary-metabolites	2025-10-06	2025-10-06	12	12	0				MIT		nf-core		
nf-core/ampliseq	WorkflowHub	964	https:/workflowhub.eu/workflows/964?version=28	Daniel Straub, Alexander Peltzer	Nextflow	16s, 18s, its, metabarcoding, metagenomics, amplicon-sequencing, edna, illumina, iontorrent, metataxonomics, microbiome, pacbio, qiime2, rrna, taxonomic-classification, taxonomic-profiling	2025-10-10	2025-10-10	28	28	0				MIT		nf-core		
nf-core/mag	WorkflowHub	995	https:/workflowhub.eu/workflows/995?version=30	No author provided, Hadrien Gourlé, Daniel Straub, Sabrina Krakau	Nextflow	annotation, assembly, metagenomics, binning, long-read-sequencing, metagenomes, nanopore, nanopore-sequencing	2025-05-23	2025-05-23	30	30	0				MIT		nf-core		
nf-core/bamtofastq	WorkflowHub	968	https:/workflowhub.eu/workflows/968?version=7	Friederike Hanssen	Nextflow	conversion, bamtofastq, cramtofastq	2025-05-24	2025-05-24	1	7	0				MIT		nf-core		
nf-core/bacass	WorkflowHub	966	https:/workflowhub.eu/workflows/966?version=10	Andreas Wilm	Nextflow	assembly, bacterial-genomes, denovo, denovo-assembly, genome-assembly, hybrid-assembly, nanopore, nanopore-sequencing	2025-10-19	2025-10-19	1	10	0				MIT		nf-core		
nf-core/mhcquant	WorkflowHub	999	https:/workflowhub.eu/workflows/999?version=24	Leon Bichmann	Nextflow	dda, immunopeptidomics, mass-spectrometry, mhc, openms, peptides	2025-05-24	2025-05-24	1	24	0				MIT		nf-core		
nf-core/multiplesequencealign	WorkflowHub	1178	https:/workflowhub.eu/workflows/1178?version=3	Luisa Santus, Jose Espinosa Carrasco	Nextflow		2025-05-29	2025-05-29	3	3	0				MIT		nf-core		
nf-core/airrflow	WorkflowHub	963	https:/workflowhub.eu/workflows/963?version=17	Gisela Gabernet, Simon Heumos, Alexander Peltzer	Nextflow	airr, b-cell, immcantation, immunorepertoire, repseq	2025-06-11	2025-06-11	17	17	0				MIT		nf-core		
nf-core/epitopeprediction	WorkflowHub	984	https:/workflowhub.eu/workflows/984?version=9	Christopher Mohr, Alexander Peltzer	Nextflow	epitope, epitope-prediction, mhc-binding-prediction	2025-05-10	2025-12-12	1	9	0				MIT		nf-core		
nf-core/rnavar	WorkflowHub	1019	https:/workflowhub.eu/workflows/1019?version=4	@praveenraj2018 None, @praveenraj2018 None	Nextflow	gatk4, rnaseq, rna, variant-calling, worflow	2025-09-03	2025-12-14	4	4	0				MIT		nf-core		
Joon-Klaps/viralgenie	WorkflowHub	1757	https:/workflowhub.eu/workflows/1757?version=2	Joon-Klaps None, Joon-Klaps None	Nextflow	fastq, ngs, virology, epidemiology, viral-metagenomics, virus-genomes	2025-06-25	2025-06-25	2	2	0				MIT		nf-core		True
nf-core/fastqrepair	WorkflowHub	1276	https:/workflowhub.eu/workflows/1276?version=1		Nextflow	fastq, corruption, data-cleaning, data-recovery, fastq-corrupted, fastq-format, reads-interleaving, recovery-tool, unpaired-reads, well-formed	2025-02-04	2025-12-12	1	1	0				MIT		nf-core		
nf-core/pairgenomealign	WorkflowHub	1108	https:/workflowhub.eu/workflows/1108?version=7	charles-plessy None, charles-plessy None	Nextflow	genomics, comparative-genomics, dot-plot, last, pairwise-alignment, synteny, whole-genome-alignment	2025-09-03	2025-12-12	7	7	0				MIT		nf-core		
nf-core/oncoanalyser	WorkflowHub	1006	https:/workflowhub.eu/workflows/1006?version=4	Stephen Watts	Nextflow	dna, ngs, wgs, cancer, clinical, exome, panel, rna, targeted, wigits, wts	2025-09-03	2025-12-12	4	4	0				MIT		nf-core		
nf-core/eager	WorkflowHub	983	https:/workflowhub.eu/workflows/983?version=30	Alexander Peltzer, The nf-core/eager community, Stephen Clayton, James A Fellows-Yates	Nextflow	metagenomics, adna, ancient-dna-analysis, ancientdna, genome, pathogen-genomics, population-genetics	2025-03-26	2025-03-26	30	30	0				MIT		nf-core		
nf-core/viralrecon	WorkflowHub	1027	https:/workflowhub.eu/workflows/1027?version=11	Sarai Varona and Sara Monzon, Patel H, Varona S and Monzon S	Nextflow	artic, amplicon, assembly, metagenomics, ont, sars-cov-2, virus, covid-19, covid19, illumina, long-read-sequencing, nanopore, oxford-nanopore, variant-calling, viral	2024-06-11	2024-06-11	11	11	0				MIT		nf-core		
nf-core/metatdenovo	WorkflowHub	997	https:/workflowhub.eu/workflows/997?version=6	Danilo Di Leo, Emelie Nilsson & Daniel Lundin	Nextflow	metagenomics, eukaryotes, metatranscriptomics, prokaryotes, viruses	2025-09-03	2025-12-12	6	6	0				MIT		nf-core		
nf-core/denovotranscript	WorkflowHub	1100	https:/workflowhub.eu/workflows/1100?version=4	Avani Bhojwani and Timothy Little	Nextflow	denovo-assembly, rna-seq, transcriptome	2025-09-03	2025-09-03	4	4	0				MIT		nf-core		
nf-core/methylseq	WorkflowHub	998	https:/workflowhub.eu/workflows/998?version=20	Phil Ewels	Nextflow	epigenomics, bisulfite-sequencing, dna-methylation, em-seq, epigenome, methyl-seq, pbat, rrbs	2025-08-13	2025-12-14	20	20	0				MIT		nf-core		
nf-core/metapep	WorkflowHub	1217	https:/workflowhub.eu/workflows/1217?version=1	Sabrina Krakau, Leon Kuchenbecker and Till Englert	Nextflow		2024-11-23	2024-11-23	1	1	0				MIT		nf-core		
nf-core/proteinfamilies	WorkflowHub	1294	https:/workflowhub.eu/workflows/1294?version=5		Nextflow	metagenomics, proteomics, protein-families	2025-08-08	2025-12-12	5	5	0				MIT		nf-core		
nf-core/detaxizer	WorkflowHub	979	https:/workflowhub.eu/workflows/979?version=3	Jannik Seidel	Nextflow	fastq, metabarcoding, metagenomics, de-identification, decontamination, edna, filter, long-reads, microbiome, nanopore, short-reads, shotgun, taxonomic-classification, taxonomic-profiling	2025-08-08	2025-12-12	1	3	0				MIT		nf-core		
nf-core/riboseq	WorkflowHub	1016	https:/workflowhub.eu/workflows/1016?version=3	Jonathan Manning	Nextflow		2025-02-04	2025-12-12	1	3	0				MIT		nf-core		
nf-core/rangeland	WorkflowHub	1250	https:/workflowhub.eu/workflows/1250?version=1		Nextflow	earth-observation, landsat, satellite-imagery, spectral-unmixing, trend-analysis, trends	2025-01-18	2025-12-12	1	1	0				MIT		nf-core		
nf-core/taxprofiler	WorkflowHub	1025	https:/workflowhub.eu/workflows/1025?version=16	James A. Fellows Yates, Sofia Stamouli, Moritz E. Beber, Lauri Mesilaakso, Thomas A. Christensen II, Jianhong Ou, Mahwash Jamy, Maxime Borry, Rafal Stepien, Tanja Normark	Nextflow	classification, metagenomics, profiling, illumina, long-reads, microbiome, nanopore, pathogen, shotgun, taxonomic-classification, taxonomic-profiling	2025-09-03	2025-12-12	16	16	0				MIT		nf-core		
nf-core/nanostring	WorkflowHub	1003	https:/workflowhub.eu/workflows/1003?version=7	Peltzer None, Alexander & Mohr, Christopher None	Nextflow	nanostring, nanostringnorm	2025-01-28	2025-12-12	1	7	0				MIT		nf-core		
nf-core/variantbenchmarking	WorkflowHub	1307	https:/workflowhub.eu/workflows/1307?version=4		Nextflow	benchmark, draft, structural-variants, variant-calling	2025-08-02	2025-12-12	4	4	0				MIT		nf-core		
nf-core/genomeassembler	WorkflowHub	1325	https:/workflowhub.eu/workflows/1325?version=3		Nextflow	genome-assembly	2025-07-22	2025-12-12	3	3	0				MIT		nf-core		
nf-core/drugresponseeval	WorkflowHub	1266	https:/workflowhub.eu/workflows/1266?version=2		Nextflow	cell-lines, cross-validation, deep-learning, drug-response, drug-response-prediction, drugs, fair-principles, generalization, hyperparameter-tuning, machine-learning, randomization-tests, robustness-assessment, training	2025-07-07	2025-07-07	2	2	0				MIT		nf-core		
nf-core/scnanoseq	WorkflowHub	1179	https:/workflowhub.eu/workflows/1179?version=4	Austyn Trull, Lara Ianov	Nextflow	10xgenomics, long-read-sequencing, nanopore, scrna-seq, single-cell	2025-09-06	2025-09-06	4	4	0				MIT		nf-core		
nf-core/pathogensurveillance	WorkflowHub	1763	https:/workflowhub.eu/workflows/1763?version=1		Nextflow		2025-06-29	2025-12-12	1	1	0				MIT		nf-core		
nf-core/demo	WorkflowHub	1055	https:/workflowhub.eu/workflows/1055?version=3	Christopher Hakkaart	Nextflow	tutorial, demo, minimal-example, training	2025-06-29	2025-12-12	3	3	0				MIT		nf-core		
nf-core/raredisease	WorkflowHub	1014	https:/workflowhub.eu/workflows/1014?version=11	Clinical Genomics Stockholm	Nextflow	wgs, diagnostics, rare-disease, snv, structural-variants, variant-annotation, variant-calling, wes	2025-06-26	2025-12-12	11	11	0				MIT		nf-core		
nf-core/metaboigniter	WorkflowHub	57	https:/workflowhub.eu/workflows/57?version=4	Payam Emami	Nextflow	metabolomics, identification, mass-spectrometry, ms1, ms2, quantification	2024-06-11	2024-06-11	4	4	0				MIT		nf-core		
nf-core/vipr	WorkflowHub	20	https:/workflowhub.eu/workflows/20?version=1	Andreas Wilm and October SESSIONS and Paola Florez DE SESSIONS and ZHU Yuan and Shuzhen SIM and CHU Wenhan Collins	Nextflow	covid-19	2020-05-14	2023-01-16	1	1	0				MIT		nf-core viralrecon		
nf-core/viralrecon	WorkflowHub	19	https:/workflowhub.eu/workflows/19?version=1	Sarai Varona and Miguel Juliá and Sara Monzon and Alexander Peltzer and Alison Meynert and Edgar Garriga Nogales and Erik Garrison and Gisela Gabernet and Harshil Patel and Joao Curado and Jose Espinosa-Carrasco and Katrin Sameith and Marta Pozuelo and Maxime Garcia and Michael Heuer and Phil Ewels and Simon Heumos and Stephen Kelly and Thanh Le Viet and Isabel Cuesta	Nextflow	covid-19	2020-05-14	2023-01-16	1	1	0				MIT		nf-core viralrecon		
VGP genome profile analysis	WorkflowHub	309	https:/workflowhub.eu/workflows/309?version=1	Delphine Lariviere	Galaxy	assembly, galaxy, vgp	2022-04-05	2023-01-16	1	1	6				Apache-2.0		usegalaxy-eu		
PredPrIn - Scientific workflow to predict protein-protein interactions based in a combined analysis of multiple protein characteristics.	WorkflowHub	616	https:/workflowhub.eu/workflows/616?version=1	Yasmmin Martins	Python	bioinformatics, domain-domain interaction, gene ontology term sets similarity, luigi & rufus workflow, pathway co-occurrence	2023-10-21	2023-10-21	1	1	0	PredPrIn	Protein interaction network prediction, Protein-protein interaction analysis	Bioinformatics, Protein interactions, Workflows	MIT		yPublish - Bioinfo tools		
PipePatExp - Pipeline to aggregate gene expression correlation information for PPI	WorkflowHub	619	https:/workflowhub.eu/workflows/619?version=1	Yasmmin Martins	Python	bioinformatics, gene expression correlation, gene expression data wrangling, geo database mining	2023-10-22	2023-10-22	1	1	0		Data retrieval, Expression correlation analysis, Protein interaction network analysis	Bioinformatics, Gene expression, Protein interactions	MIT		yPublish - Bioinfo tools		
