Link	Name	Source	Projects	Creators	Creation time	Update time	Filtered on	To keep
https:/workflowhub.eu/workflows/1102?version=1	RiboSnake: 16S rRNA analysis workflow with QIIME2 and Snakemake	WorkflowHub	16S rRNA Analysis	Ann-Kathrin Dörr	2024-08-15	2024-08-15	16S in name	Keep
https:/workflowhub.eu/workflows/340?version=1	HiFi de novo genome assembly workflow	WorkflowHub	AGRF BIO		2022-05-10	2023-01-16	profil.* in description	Reject
https:/workflowhub.eu/workflows/1999?version=1	Generalizable machine learning models for rapid antimicrobial resistance prediction in unseen healthcare settings	WorkflowHub	AMRMALDI	Diane Duroux	2025-10-17	2025-10-17	antimicrobial.* in name	Keep
https:/workflowhub.eu/workflows/1815?version=3	MAGNETO (automated workflow dedicated to MAG reconstruction)	WorkflowHub	BiRD	Samuel Chaffron, Audrey Bihouee, Benjamin Churcheward, Maxime Millet, Guillaume Fertin, Hugo Lefeuvre	2025-09-18	2025-09-25	edam	Keep
https:/workflowhub.eu/workflows/1871?version=1	chipimputation	WorkflowHub	BioX Fanatics		2025-08-13	2025-08-13	profil.* in description	Reject
https:/workflowhub.eu/workflows/706?version=1	Bactria: BarCode TRee Inference and Analysis	WorkflowHub	Biodiversity Genomics Europe (general)		2024-01-24	2024-02-05	metab.* in description	Keep
https:/workflowhub.eu/workflows/1330?version=1	AnnoAudit - Annotation Auditor	WorkflowHub	Bioinformatics Laboratory for Genomics and Biodiversity (LBGB)	Phuong Doan	2025-04-03	2025-04-03	profil.* in description	Reject
https:/workflowhub.eu/workflows/438?version=1	Master of Pores 2	WorkflowHub	Bioinformatics Unit @ CRG		2023-02-20	2023-02-20	edam	Reject
https:/workflowhub.eu/workflows/1862?version=1	nf-CBRA-snvs	WorkflowHub	Bioinformatics Unit IIS-FJD		2025-08-12	2025-08-12	profil.* in description	Reject
https:/workflowhub.eu/workflows/1864?version=1	PARROT-FJD	WorkflowHub	Bioinformatics Unit IIS-FJD		2025-08-12	2025-08-12	profil.* in description	Reject
https:/workflowhub.eu/workflows/1865?version=1	WHALE	WorkflowHub	Bioinformatics Unit IIS-FJD		2025-08-12	2025-08-12	profil.* in description	Reject
https:/workflowhub.eu/workflows/528?version=1	prepareChIPs:	WorkflowHub	Black Ochre Data Labs	Stevie Pederson	2023-07-09	2023-07-09	profil.* in description	Reject
https:/workflowhub.eu/workflows/192?version=1	ASPICov	WorkflowHub	CHU Limoges - UF9481 Bioinformatique / CNR Herpesvirus	Valentin Tilloy, Pierre Cuzin, Laura Leroi, Patrick Durand	2021-09-24	2023-01-16	Amplicon in description	Reject
https:/workflowhub.eu/workflows/1787?version=6	metaBIOMx: Metagenomics pipeline for Microbial shot-gun sequencing data	WorkflowHub	CMG-GUTS	Alem Gusinac, Thomas Ederveen, Jos Boekhorst, Annemarie Boleij	2025-10-07	2025-10-08	edam	Keep
https:/workflowhub.eu/workflows/265?version=1	FAIR CRCC - send data	WorkflowHub	CRC Cohort	Luca Pireddu	2022-01-27	2024-09-15	profil.* in description	Reject
https:/workflowhub.eu/workflows/693?version=1	Reference-based assembly with bacpage	WorkflowHub	CholGen		2023-12-20	2023-12-20	plasmid.* in description	Reject
https:/workflowhub.eu/workflows/695?version=2	Phylogeny reconstruction using bacpage	WorkflowHub	CholGen		2024-01-09	2024-01-09	plasmid.* in description	Reject
https:/workflowhub.eu/workflows/576?version=1	ECP experiments	WorkflowHub	Dioscuri TDA	Davide Gurnari	2023-09-25	2023-09-25	profil.* in description	Reject
https:/workflowhub.eu/workflows/740?version=1	EBP-Nor Genome Assembly Pipeline	WorkflowHub	EBP-Nor		2024-02-13	2024-02-13	profil.* in description	Reject
https:/workflowhub.eu/workflows/1030?version=3	IMPaCT-Data quality control workflow implementation in nf-core/Sarek	WorkflowHub	EGA	Arnau Soler Costa, Amy Curwin, Jordi Rambla	2024-06-25	2024-06-25	profil.* in description	Reject
https:/workflowhub.eu/workflows/1795?version=1	EI Single-Cell Analysis pipeline	WorkflowHub	EI Papatheodorou Group	Huihai Wu, Irene Papatheodorou	2025-07-09	2025-07-09	profil.* in description	Reject
https:/workflowhub.eu/workflows/654?version=2	ANNOTATO - ERGA Genome Annotation Workflow in Nextflow	WorkflowHub	ERGA Annotation, Bioinformatics Laboratory for Genomics and Biodiversity (LBGB)	Phuong Doan	2023-11-23	2023-11-24	profil.* in description	Reject
https:/workflowhub.eu/workflows/603?version=2	ERGA Profiling Long Reads v2505 (WF1)	WorkflowHub	ERGA Assembly	Diego De Panis	2024-09-18	2025-06-24	profil.* in tags	Reject
https:/workflowhub.eu/workflows/698?version=1	ERGA Profiling Illumina v2311 (WF1)	WorkflowHub	ERGA Assembly	Diego De Panis	2024-01-08	2024-01-08	profil.* in tags	Reject
https:/workflowhub.eu/workflows/1104?version=2	ERGA-BGE Genome Report ASM analyses (one-asm HiFi + HiC)	WorkflowHub	ERGA Assembly	Diego De Panis	2024-11-04	2024-12-05	profil.* in description	Reject
https:/workflowhub.eu/workflows/1103?version=3	ERGA-BGE Genome Report ASM analyses (one-asm WGS Illumina PE + HiC)	WorkflowHub	ERGA Assembly	Diego De Panis	2024-11-04	2024-12-05	profil.* in description	Reject
https:/workflowhub.eu/workflows/1841?version=1	A nextflow pipeline to run the end-to-end image-based in-situ sequencing decoding and RNAScope-like analysis	WorkflowHub	Euro-BioImaging	Tong LI	2025-07-29	2025-07-29	profil.* in description	Reject
https:/workflowhub.eu/workflows/1803?version=1	Pd-Al2O3 Catalyst for Ammonia	WorkflowHub	EuroScienceGateway	Patrick Austin, Alexander Belozerov, Subindev Devadasan, Leandro Liborio, Abraham Nieva de la Hidalga, Tom Underwood	2025-07-11	2025-07-11	profil.* in description	Reject
https:/workflowhub.eu/workflows/1105?version=1	Marine Omics identifying biosynthetic gene clusters	WorkflowHub	FAIR-EASE, usegalaxy-eu	Marie Jossé	2024-08-21	2024-08-21	metab.* in description	Keep
https:/workflowhub.eu/workflows/241?version=1	atavide	WorkflowHub	FAME		2021-11-21	2023-01-16	metage.* in description	Keep
https:/workflowhub.eu/workflows/1846?version=1	GENEX	WorkflowHub	GENEX	Nikolay Oskolkov	2025-08-10	2025-08-19	edam	Reject
https:/workflowhub.eu/workflows/142?version=1	16S_biodiversity_BIOM	WorkflowHub	Galaxy Australia	Mike Thang	2021-08-11	2024-04-17	edam	Keep
https:/workflowhub.eu/workflows/226?version=1	Assembly polishing	WorkflowHub	Galaxy Australia, Australian BioCommons	Anna Syme	2021-11-08	2023-01-30	profil.* in description	Reject
https:/workflowhub.eu/workflows/1465?version=1	Training: 16S rRNA Sequencing With Mothur: Main Tutorial	WorkflowHub	Galaxy Training Network		2025-06-02	2025-06-02	microbiom.* in tags	To Curate
https:/workflowhub.eu/workflows/1456?version=2	Metatranscriptomics analysis using microbiome RNA-seq data - Workflow 3: Functional Information	WorkflowHub	Galaxy Training Network		2025-06-23	2025-06-23	microbiom.* in tags	To Curate
https:/workflowhub.eu/workflows/1480?version=1	workflow-generate-dataset-for-assembly-tutorial	WorkflowHub	Galaxy Training Network		2025-06-02	2025-06-02	metage.* in description	To Curate
https:/workflowhub.eu/workflows/1444?version=2	Metatranscriptomics analysis using microbiome RNA-seq data - Workflow 1: Preprocessing	WorkflowHub	Galaxy Training Network		2025-06-23	2025-06-23	microbiom.* in tags	To Curate
https:/workflowhub.eu/workflows/1451?version=2	Metatranscriptomics analysis using microbiome RNA-seq data - Workflow 2: Community profile	WorkflowHub	Galaxy Training Network		2025-06-23	2025-06-23	microbiom.* in tags	To Curate
https:/workflowhub.eu/workflows/1466?version=2	Metatranscriptomics analysis using microbiome RNA-seq data	WorkflowHub	Galaxy Training Network		2025-06-23	2025-06-23	microbiom.* in tags	To Curate
https:/workflowhub.eu/workflows/1479?version=1	Allele-based Pathogen Identification	WorkflowHub	Galaxy Training Network		2025-06-02	2025-06-02	microbiom.* in description	Keep
https:/workflowhub.eu/workflows/1477?version=1	Copy Of GTN Training - Antibiotic Resistance Detection	WorkflowHub	Galaxy Training Network		2025-06-02	2025-06-02	microbiom.* in tags	Keep
https:/workflowhub.eu/workflows/1464?version=1	WF3_VERIFICATION_WORKFLOW	WorkflowHub	Galaxy Training Network		2025-06-02	2025-06-02	metap.* in description	To Curate
https:/workflowhub.eu/workflows/1461?version=1	WF1_Database_Generation_Workflow	WorkflowHub	Galaxy Training Network		2025-06-02	2025-06-02	metap.* in description	To Curate
https:/workflowhub.eu/workflows/1469?version=1	Query a metaplasmidome database to identify and annotate plasmids in metagenomes	WorkflowHub	Galaxy Training Network		2025-06-02	2025-06-02	metage.* in tags	To Curate
https:/workflowhub.eu/workflows/1468?version=1	WF4_Quantitation_Workflow	WorkflowHub	Galaxy Training Network		2025-06-02	2025-06-02	metap.* in description	To Curate
https:/workflowhub.eu/workflows/1558?version=1	Gene Cluster Product Similarity Search	WorkflowHub	Galaxy Training Network		2025-06-02	2025-06-02	metab.* in description	Keep
https:/workflowhub.eu/workflows/1564?version=1	From BAMs to drug resistance prediction with TB-profiler	WorkflowHub	Galaxy Training Network		2025-06-02	2025-06-02	profil.* in name	Keep
https:/workflowhub.eu/workflows/1503?version=1	CP_object_tracking_example	WorkflowHub	Galaxy Training Network		2025-06-02	2025-06-02	profil.* in description	Reject
https:/workflowhub.eu/workflows/1495?version=1	Gene-based Pathogen Identification	WorkflowHub	Galaxy Training Network		2025-06-02	2025-06-02	microbiom.* in description	Keep
https:/workflowhub.eu/workflows/1488?version=1	mrsa AMR gene detection	WorkflowHub	Galaxy Training Network		2025-06-02	2025-06-02	amr in name	To Curate
https:/workflowhub.eu/workflows/1576?version=1	Genetic Design (BASIC Assembly)	WorkflowHub	Galaxy Training Network		2025-06-02	2025-06-02	plasmid.* in description	Reject
https:/workflowhub.eu/workflows/1460?version=1	Workflow for Identifying MF from ITS2 sequencing using LotuS2 - tutorial example run'	WorkflowHub	Galaxy Training Network		2025-06-02	2025-06-02	metage.* in tags	To Curate
https:/workflowhub.eu/workflows/1631?version=1	workflow-generate-dataset-for-assembly-tutorial	WorkflowHub	Galaxy Training Network		2025-06-02	2025-06-02	metage.* in description	To Curate
https:/workflowhub.eu/workflows/1390?version=2	Assembly of metagenomic sequencing data	WorkflowHub	Galaxy Training Network		2025-06-16	2025-06-16	microbiom.* in tags	Keep
https:/workflowhub.eu/workflows/1632?version=1	pox-virus-tiled-amplicon-ref-masking	WorkflowHub	Galaxy Training Network		2025-06-02	2025-06-02	Amplicon in name	To Curate
https:/workflowhub.eu/workflows/1634?version=1	Metagenomics assembly tutorial workflow	WorkflowHub	Galaxy Training Network		2025-06-02	2025-06-02	metage.* in name	To Curate
https:/workflowhub.eu/workflows/1702?version=1	Workflow constructed from history 'Tuto Obitools'	WorkflowHub	Galaxy Training Network		2025-06-02	2025-06-02	metabar.* in description	To Curate
https:/workflowhub.eu/workflows/1482?version=1	WF5_Data_Interpretation_Worklow	WorkflowHub	Galaxy Training Network		2025-06-02	2025-06-02	metap.* in description	To Curate
https:/workflowhub.eu/workflows/1473?version=1	Training: 16S rRNA Analysis with Nanopore Sequencing Reads	WorkflowHub	Galaxy Training Network		2025-06-02	2025-06-02	microbiom.* in tags	To Curate
https:/workflowhub.eu/workflows/1472?version=1	"WGS Part In ""Analyses Of Metagenomics Data - The Global Picture"""	WorkflowHub	Galaxy Training Network		2025-06-02	2025-06-02	microbiom.* in tags	To Curate
https:/workflowhub.eu/workflows/1471?version=1	EncyclopeDIA-GTN	WorkflowHub	Galaxy Training Network		2025-06-02	2025-06-02	metap.* in description	Reject
https:/workflowhub.eu/workflows/1483?version=1	Taxonomy Profiling and Visualization with Krona	WorkflowHub	Galaxy Training Network		2025-06-02	2025-06-02	profil.* in name	To Curate
https:/workflowhub.eu/workflows/1470?version=1	Taxonomic Profiling and Visualization of Metagenomic Data	WorkflowHub	Galaxy Training Network		2025-06-02	2025-06-02	microbiom.* in tags	To Curate
https:/workflowhub.eu/workflows/1431?version=1	Calculating diversity from microbiome taxonomic data	WorkflowHub	Galaxy Training Network		2025-06-02	2025-06-02	microbiom.* in name	Keep
https:/workflowhub.eu/workflows/1439?version=1	Identification of the micro-organisms in a beer using Nanopore sequencing	WorkflowHub	Galaxy Training Network		2025-06-02	2025-06-02	microbiom.* in tags	Keep
https:/workflowhub.eu/workflows/1396?version=1	WF2_Discovery-Workflow	WorkflowHub	Galaxy Training Network		2025-06-02	2025-06-02	metap.* in description	To Curate
https:/workflowhub.eu/workflows/1400?version=1	Workflow 2: Data Cleaning And Chimera Removal [Galaxy Training: 16S Microbial Analysis With Mothur]	WorkflowHub	Galaxy Training Network		2025-06-02	2025-06-02	microbiom.* in tags	To Curate
https:/workflowhub.eu/workflows/1404?version=1	Workflow 5: OTU Clustering [Galaxy Training: 16S Microbial Analysis With Mothur]	WorkflowHub	Galaxy Training Network		2025-06-02	2025-06-02	microbiom.* in tags	To Curate
https:/workflowhub.eu/workflows/406?version=1	GTN Training - Antibiotic Resistance Detection	WorkflowHub	Galaxy Training Network	Saskia Hiltemann, Willem de Koning	2022-11-24	2023-02-13	metage.* in tags	Keep
https:/workflowhub.eu/workflows/1408?version=1	Workflow 4: Mock OTU Clustering [Galaxy Training: 16S Microbial Analysis With Mothur]	WorkflowHub	Galaxy Training Network		2025-06-02	2025-06-02	microbiom.* in tags	To Curate
https:/workflowhub.eu/workflows/1412?version=1	Workflow 6: Alpha Diversity [Galaxy Training: 16S Microbial Analysis With Mothur]	WorkflowHub	Galaxy Training Network		2025-06-02	2025-06-02	microbiom.* in tags	To Curate
https:/workflowhub.eu/workflows/1418?version=1	Workflow7: Beta Diversity [Galaxy Training: 16S Microbial Analysis With Mothur]	WorkflowHub	Galaxy Training Network		2025-06-02	2025-06-02	microbiom.* in tags	To Curate
https:/workflowhub.eu/workflows/1420?version=1	WF4_Quantitation_Workflow	WorkflowHub	Galaxy Training Network		2025-06-02	2025-06-02	metap.* in description	To Curate
https:/workflowhub.eu/workflows/1422?version=1	Workflow 1: Quality Control [Galaxy Training: 16S Microbial Analysis With Mothur]	WorkflowHub	Galaxy Training Network		2025-06-02	2025-06-02	microbiom.* in tags	To Curate
https:/workflowhub.eu/workflows/1425?version=1	WF3_VERIFICATION_WORKFLOW	WorkflowHub	Galaxy Training Network		2025-06-02	2025-06-02	metap.* in description	To Curate
https:/workflowhub.eu/workflows/1443?version=1	Metaproteomics_GTN	WorkflowHub	Galaxy Training Network		2025-06-02	2025-06-02	metap.* in name	To Curate
https:/workflowhub.eu/workflows/1855?version=1	MAPseq to ampvis2	WorkflowHub	Galaxy Training Network		2025-08-11	2025-08-11	microbiom.* in tags	Keep
https:/workflowhub.eu/workflows/1854?version=1	MGnify's amplicon pipeline v5.0 - Quality control PE	WorkflowHub	Galaxy Training Network		2025-08-11	2025-08-11	metage.* in tags	To Curate
https:/workflowhub.eu/workflows/1856?version=1	MGnify's amplicon pipeline v5.0 - ITS	WorkflowHub	Galaxy Training Network		2025-08-11	2025-08-11	metage.* in tags	To Curate
https:/workflowhub.eu/workflows/1851?version=1	MGnify amplicon summary tables	WorkflowHub	Galaxy Training Network		2025-08-11	2025-08-11	metage.* in tags	To Curate
https:/workflowhub.eu/workflows/1435?version=1	WF2_Discovery-Workflow	WorkflowHub	Galaxy Training Network		2025-06-02	2025-06-02	metap.* in description	To Curate
https:/workflowhub.eu/workflows/1395?version=2	Building an amplicon sequence variant (ASV) table from 16S data using DADA2	WorkflowHub	Galaxy Training Network		2025-07-07	2025-07-07	microbiom.* in tags	Keep
https:/workflowhub.eu/workflows/1492?version=2	Nanopore Preprocessing	WorkflowHub	Galaxy Training Network		2025-07-07	2025-07-07	microbiom.* in description	To Curate
https:/workflowhub.eu/workflows/1487?version=2	Pathogen Detection PathoGFAIR Samples Aggregation and Visualisation	WorkflowHub	Galaxy Training Network		2025-07-07	2025-07-07	microbiom.* in description	To Curate
https:/workflowhub.eu/workflows/1433?version=1	WF5_Data_Interpretation_Worklow	WorkflowHub	Galaxy Training Network		2025-06-02	2025-06-02	metap.* in description	To Curate
https:/workflowhub.eu/workflows/1853?version=1	MGnify's amplicon pipeline v5.0	WorkflowHub	Galaxy Training Network		2025-08-11	2025-08-11	metage.* in tags	To Curate
https:/workflowhub.eu/workflows/1474?version=1	WF1_Database_Generation_Workflow	WorkflowHub	Galaxy Training Network		2025-06-02	2025-06-02	metap.* in description	To Curate
https:/workflowhub.eu/workflows/1842?version=1	MGnify's amplicon pipeline v5.0 - rRNA prediction	WorkflowHub	Galaxy Training Network		2025-08-04	2025-08-11	metage.* in tags	To Curate
https:/workflowhub.eu/workflows/1476?version=1	Amplicon Tutorial	WorkflowHub	Galaxy Training Network		2025-06-02	2025-06-02	microbiom.* in tags	Keep
https:/workflowhub.eu/workflows/1428?version=1	Workflow 3: Classification [Galaxy Training: 16S Microbial Analysis With Mothur]	WorkflowHub	Galaxy Training Network		2025-06-02	2025-06-02	microbiom.* in tags	To Curate
https:/workflowhub.eu/workflows/1850?version=1	MGnify's amplicon pipeline v5.0 - Quality control SE	WorkflowHub	Galaxy Training Network		2025-08-11	2025-08-11	metage.* in tags	To Curate
https:/workflowhub.eu/workflows/1447?version=2	Workflow 3: Functional Information (quick)	WorkflowHub	Galaxy Training Network		2025-07-14	2025-07-14	metage.* in tags	To Curate
https:/workflowhub.eu/workflows/1663?version=1	Marine Omics identifying biosynthetic gene clusters	WorkflowHub	Galaxy Training Network, EuroScienceGateway	Marie Jossé	2025-06-02	2025-07-28	metab.* in description	Keep
https:/workflowhub.eu/workflows/235?version=1	Hecatomb	WorkflowHub	HecatombDevelopment	Michael Roach	2021-11-11	2024-05-13	metage.* in description	Keep
https:/workflowhub.eu/workflows/473?version=1	Sorting and registration of Terahertz ELBE raw data	WorkflowHub	Helmholtz Scientific Project Workflow Platform		2023-05-17	2023-06-07	binn.* in description	To Curate
https:/workflowhub.eu/workflows/474?version=2	Metagenome and metatranscriptome assembly in CWL	WorkflowHub	HoloFood at MGnify		2023-06-21	2023-06-21	metage.* in name	To Curate
https:/workflowhub.eu/workflows/454?version=1	MetaGT: A pipeline for de novo assembly of metatranscriptomes with the aid of metagenomic data	WorkflowHub	HoloFood at MGnify	Andrey Prjibelski, Varsha Kale, Anton Korobeynikov	2023-04-12	2023-04-13	metage.* in tags	To Curate
https:/workflowhub.eu/workflows/475?version=1	EukRecover	WorkflowHub	HoloFood at MGnify		2023-05-19	2023-05-19	metage.* in description	Keep
https:/workflowhub.eu/workflows/23?version=1	Genetic Design	WorkflowHub	IBISBA Workflows	Melchior du Lac	2020-05-29	2023-01-16	plasmid.* in description	Reject
https:/workflowhub.eu/workflows/99?version=1	COVID-19: read pre-processing	WorkflowHub	IBISBA Workflows		2021-02-02	2023-02-13	metage.* in description	Reject
https:/workflowhub.eu/workflows/115?version=1	Object tracking using CellProfiler	WorkflowHub	IBISBA Workflows, Euro-BioImaging		2021-03-21	2023-07-03	profil.* in description	To Curate
https:/workflowhub.eu/workflows/442?version=1	SNP-Calling Workflow	WorkflowHub	IRRI Bioinformatics Group		2023-03-21	2023-03-21	profil.* in description	To Curate
https:/workflowhub.eu/workflows/101?version=1	1: Plant virus detection with kraken2 (PE)	WorkflowHub	Integrated and Urban Plant Pathology Laboratory		2021-02-04	2023-02-13	metage.* in description	Keep
https:/workflowhub.eu/workflows/124?version=1	1: Plant virus detection with kraken2 (SE)	WorkflowHub	Integrated and Urban Plant Pathology Laboratory		2021-06-17	2023-02-13	metage.* in description	Keep
https:/workflowhub.eu/workflows/1296?version=2	taxonomic-rank-abundance-summary-table/main	WorkflowHub	Intergalactic Workflow Commission (IWC)	Rand Zoabi	2025-03-26	2025-08-18	OTU in description	Keep
https:/workflowhub.eu/workflows/1063?version=5	allele-based-pathogen-identification/main	WorkflowHub	Intergalactic Workflow Commission (IWC)	Engy Nasr, Bérénice Batut, Paul Zierep	2025-03-26	2025-08-18	microbiom.* in description	Keep
https:/workflowhub.eu/workflows/613?version=2	openms-metaprosip/main	WorkflowHub	Intergalactic Workflow Commission (IWC)	Matthias Bernt	2024-06-22	2025-08-18	metap.* in name	Keep
https:/workflowhub.eu/workflows/790?version=3	dada2/main	WorkflowHub	Intergalactic Workflow Commission (IWC)	Matthias Bernt	2025-03-26	2025-08-18	Amplicon in tags	Keep
https:/workflowhub.eu/workflows/892?version=3	qiime2-II-denoising/IIa-denoising-se	WorkflowHub	Intergalactic Workflow Commission (IWC)	Debjyoti Ghosh	2024-11-27	2025-08-18	Amplicon in description	Keep
https:/workflowhub.eu/workflows/1049?version=8	amr_gene_detection/main	WorkflowHub	Intergalactic Workflow Commission (IWC)	ABRomics None, Pierre Marin, Clea Siguret	2025-09-18	2025-09-18	amr in tags	Keep
https:/workflowhub.eu/workflows/1050?version=12	bacterial_genome_annotation/main	WorkflowHub	Intergalactic Workflow Commission (IWC)	ABRomics None, Pierre Marin, Clea Siguret	2025-07-31	2025-08-18	plasmid.* in description	Keep
https:/workflowhub.eu/workflows/1059?version=1	taxonomy-profiling-and-visualization-with-krona/main	WorkflowHub	Intergalactic Workflow Commission (IWC)	Engy Nasr, Bérénice Batut, Paul Zierep	2024-06-26	2025-08-18	profil.* in name	Keep
https:/workflowhub.eu/workflows/1061?version=1	nanopore-pre-processing/main	WorkflowHub	Intergalactic Workflow Commission (IWC)	Bérénice Batut, Engy Nasr, Paul Zierep	2024-06-26	2025-08-18	microbiom.* in description	Keep
https:/workflowhub.eu/workflows/110?version=11	sars-cov-2-pe-illumina-artic-variant-calling/COVID-19-PE-ARTIC-ILLUMINA	WorkflowHub	Intergalactic Workflow Commission (IWC)	Wolfgang Maier	2025-03-26	2025-08-18	Amplicon in description	Reject
https:/workflowhub.eu/workflows/1177?version=1	clinicalmp-quantitation/main	WorkflowHub	Intergalactic Workflow Commission (IWC)	GalaxyP	2024-10-07	2025-08-18	metap.* in description	Keep
https:/workflowhub.eu/workflows/1218?version=1	clinicalmp-verification/main	WorkflowHub	Intergalactic Workflow Commission (IWC)	Pratik Jagtap	2024-11-26	2025-08-18	metap.* in description	Keep
https:/workflowhub.eu/workflows/1352?version=3	mags-building/main	WorkflowHub	Intergalactic Workflow Commission (IWC)	Bérénice Batut, Paul Zierep, Mina Hojat Ansari, Patrick Bühler, Santino Faack	2025-06-22	2025-08-18	MAGs in name	Keep
https:/workflowhub.eu/workflows/1225?version=1	clinicalmp-discovery/main	WorkflowHub	Intergalactic Workflow Commission (IWC)	Subina Mehta	2024-12-10	2025-08-18	metap.* in description	Keep
https:/workflowhub.eu/workflows/1269?version=2	mgnify-amplicon-taxonomic-summary-tables/main	WorkflowHub	Intergalactic Workflow Commission (IWC)	Rand Zoabi	2025-03-26	2025-08-18	Amplicon in name	Keep
https:/workflowhub.eu/workflows/1270?version=2	mgnify-amplicon-pipeline-v5-rrna-prediction/main	WorkflowHub	Intergalactic Workflow Commission (IWC)	Rand Zoabi, Paul Zierep	2025-03-26	2025-08-18	Amplicon in name	Keep
https:/workflowhub.eu/workflows/1271?version=3	mgnify-amplicon-pipeline-v5-quality-control-single-end/main	WorkflowHub	Intergalactic Workflow Commission (IWC)	Rand Zoabi, Paul Zierep	2025-03-26	2025-08-18	Amplicon in name	Keep
https:/workflowhub.eu/workflows/1272?version=2	mgnify-amplicon-pipeline-v5-quality-control-paired-end/main	WorkflowHub	Intergalactic Workflow Commission (IWC)	Rand Zoabi, Paul Zierep	2025-03-26	2025-08-18	Amplicon in name	Keep
https:/workflowhub.eu/workflows/1273?version=2	mgnify-amplicon-pipeline-v5-its/main	WorkflowHub	Intergalactic Workflow Commission (IWC)	Rand Zoabi, Paul Zierep	2025-03-26	2025-08-18	Amplicon in name	Keep
https:/workflowhub.eu/workflows/1274?version=2	mgnify-amplicon-pipeline-v5-complete/main	WorkflowHub	Intergalactic Workflow Commission (IWC)	Rand Zoabi, Paul Zierep	2025-03-26	2025-08-18	Amplicon in name	Keep
https:/workflowhub.eu/workflows/1275?version=2	mapseq-to-ampvis2/main	WorkflowHub	Intergalactic Workflow Commission (IWC)	Rand Zoabi, Mara Besemer	2025-03-26	2025-08-18	OTU in description	Keep
https:/workflowhub.eu/workflows/641?version=31	Assembly-Hifi-HiC-phasing-VGP4/main	WorkflowHub	Intergalactic Workflow Commission (IWC)	Delphine Lariviere	2025-10-08	2025-10-08	profil.* in description	Reject
https:/workflowhub.eu/workflows/631?version=6	kmer-profiling-hifi-trio-VGP2/main	WorkflowHub	Intergalactic Workflow Commission (IWC)	VGP,  Galaxy	2025-05-10	2025-08-18	profil.* in name	Reject
https:/workflowhub.eu/workflows/632?version=13	kmer-profiling-hifi-VGP1/main	WorkflowHub	Intergalactic Workflow Commission (IWC)	VGP,  Galaxy	2025-10-31	2025-10-31	profil.* in name	Reject
https:/workflowhub.eu/workflows/155?version=6	sars-cov-2-pe-illumina-artic-ivar-analysis/SARS-COV-2-ILLUMINA-AMPLICON-IVAR-PANGOLIN-NEXTCLADE	WorkflowHub	Intergalactic Workflow Commission (IWC)	Peter van Heusden	2025-07-31	2025-08-19	Amplicon in name	Reject
https:/workflowhub.eu/workflows/612?version=25	Assembly-Hifi-only-VGP3/main	WorkflowHub	Intergalactic Workflow Commission (IWC)	Galaxy,  VGP	2025-10-01	2025-10-01	profil.* in description	Reject
https:/workflowhub.eu/workflows/439?version=4	pox-virus-amplicon/main	WorkflowHub	Intergalactic Workflow Commission (IWC)	Viktoria Isabel Schwarz, Wolfgang Maier	2025-10-11	2025-10-11	Amplicon in name	Reject
https:/workflowhub.eu/workflows/642?version=25	Assembly-Hifi-Trio-phasing-VGP5/main	WorkflowHub	Intergalactic Workflow Commission (IWC)	Galaxy,  VGP	2025-10-01	2025-10-01	profil.* in description	Reject
https:/workflowhub.eu/workflows/68?version=1	MC_COVID19like_Assembly_Reads	WorkflowHub	Italy-Covid-data-Portal		2020-11-04	2023-02-13	metage.* in description	Reject
https:/workflowhub.eu/workflows/1340?version=3	gSpreadComp	WorkflowHub	Kasmanas	Jonas Kasmanas	2025-04-20	2025-04-20	microbiom.* in tags	Keep
https:/workflowhub.eu/workflows/1900?version=1	cfDNA-Flow	WorkflowHub	KrauthammerLab	Ivna Ivankovic, Todor Gitchev, Zsolt Balázs	2025-09-02	2025-09-19	binn.* in description	Reject
https:/workflowhub.eu/workflows/362?version=1	MGnify - raw-reads analysis pipeline	WorkflowHub	MGnify	Ekaterina Sakharova, Varsha Kale, Martin Beracochea	2022-06-07	2023-01-16	metage.* in tags	To Curate
https:/workflowhub.eu/workflows/1069?version=3	mettannotator	WorkflowHub	MGnify	Tatiana Gurbich, Martin Beracochea	2025-01-21	2025-01-21	edam	To Curate
https:/workflowhub.eu/workflows/361?version=1	MGnify - amplicon analysis pipeline	WorkflowHub	MGnify	Alex L Mitchell,  Alexandre Almeida,  Martin Beracochea,  Miguel Boland,  Josephine Burgin,  Guy Cochrane,  Michael R Crusoe,  Varsha Kale,  Simon C Potter,  Lorna J Richardson,  Ekaterina Sakharova,  Maxim Scheremetjew,  Anton Korobeynikov,  Alex Shlemov,  Olga Kunyavskaya,  Alla Lapidus,  Robert D Finn	2022-06-07	2023-01-16	metage.* in tags	To Curate
https:/workflowhub.eu/workflows/26?version=1	VIRify	WorkflowHub	MGnify	Martin Beracochea	2020-06-08	2023-01-16	metage.* in description	To Curate
https:/workflowhub.eu/workflows/450?version=1	MGnify raw reads taxonomic profiling pipeline	WorkflowHub	MGnify	Ekaterina Sakharova, Martin Beracochea	2023-03-30	2023-03-30	metage.* in tags	To Curate
https:/workflowhub.eu/workflows/1735?version=1	BioSIFTR	WorkflowHub	MGnify	Alejandra Escobar	2025-06-17	2025-06-17	edam	Keep
https:/workflowhub.eu/workflows/1954?version=2	nf-core/proteinfamilies	WorkflowHub	MGnify	Evangelos Karatzas, Martin Beracochea	2025-10-22	2025-10-22	profil.* in description	To Curate
https:/workflowhub.eu/workflows/452?version=2	Mobilome Annotation Pipeline	WorkflowHub	MGnify	Alejandra Escobar, Martin Beracochea	2025-06-17	2025-06-17	edam	To Curate
https:/workflowhub.eu/workflows/462?version=3	MGnify genomes catalogue pipeline	WorkflowHub	MGnify	Ekaterina Sakharova, Tatiana Gurbich, Martin Beracochea	2024-12-03	2024-12-03	metage.* in tags	To Curate
https:/workflowhub.eu/workflows/360?version=2	MGnify - assembly analysis pipeline	WorkflowHub	MGnify, HoloFood at MGnify	 Alex L Mitchell,  Alexandre Almeida,  Martin Beracochea,  Miguel Boland,  Josephine Burgin,  Guy Cochrane,  Michael R Crusoe,  Varsha Kale,  Simon C Potter,  Lorna J Richardson,  Ekaterina Sakharova,  Maxim Scheremetjew,  Anton Korobeynikov,  Alex Shlemov,  Olga Kunyavskaya,  Alla Lapidus,  Robert D Finn	2022-06-07	2023-04-28	metage.* in tags	To Curate
https:/workflowhub.eu/workflows/27?version=1	VIRify	WorkflowHub	MGnify, HoloFood at MGnify	Martin Beracochea	2020-06-08	2023-03-24	metage.* in description	To Curate
https:/workflowhub.eu/workflows/1807?version=1	Exploring the role of normalization and feature selection in microbiome disease classification pipelines	WorkflowHub	Machine Learning Techniques in Microbiome	Ignacio Garach	2025-07-13	2025-07-13	edam	Keep
https:/workflowhub.eu/workflows/837?version=1	ProGFASTAGen - Protein-Graph FASTA Generation (and Identification) Workflows	WorkflowHub	Medizinisches Proteom-Center, Medical Bioinformatics	Dominik Lux, Julian Uszkoreit	2024-04-26	2024-04-26	binn.* in description	To Curate
https:/workflowhub.eu/workflows/554?version=1	SnakeMAGs: a simple, efficient, flexible and scalable workflow to reconstruct prokaryotic genomes from metagenomes	WorkflowHub	Metagenomic tools	Nachida Tadrent, Franck Dedeine, Vincent Hervé	2023-08-02	2023-08-02	edam	To Curate
https:/workflowhub.eu/workflows/1106?version=1	Swedish Earth Biogenome Project Genome Assembly Workflow	WorkflowHub	NBIS, ERGA Assembly	Mahesh Binzer-Panchal, Martin Pippel	2024-08-23	2024-08-26	profil.* in description	To Curate
https:/workflowhub.eu/workflows/453?version=3	BatchConvert	WorkflowHub	NGFF Tools, Euro-BioImaging	Bugra Oezdemir	2023-07-05	2023-07-11	profil.* in description	Reject
https:/workflowhub.eu/workflows/53?version=1	ONT -- Metagenomics-Kraken2-Krona	WorkflowHub	NanoGalaxy	Milad Miladi	2020-08-05	2023-02-13	metage.* in name	To Curate
https:/workflowhub.eu/workflows/1205?version=2	ONT Artificial Deletion Filter-Delter	WorkflowHub	NkuyfqLab	Qiang Ye	2024-12-17	2024-12-17	Amplicon in description	To Curate
https:/workflowhub.eu/workflows/244?version=4	OpenEBench TCGA Cancer Driver Genes benchmarking workflow	WorkflowHub	OpenEBench	José Mª Fernández, Asier Gonzalez-Uriarte	2021-11-29	2023-01-16	profil.* in description	To Curate
https:/workflowhub.eu/workflows/655?version=1	Obitools eDNA metabarcoding	WorkflowHub	PNDB	Yvan Le Bras, Coline Royaux	2023-11-09	2024-12-09	metabar.* in name	To Curate
https:/workflowhub.eu/workflows/700?version=2	Pangenome databases provide superior host removal and mycobacteria classification from clinical metagenomic data	WorkflowHub	Pangenome database project	Michael Hall	2024-01-10	2024-01-10	metage.* in name	To Curate
https:/workflowhub.eu/workflows/1058?version=1	AssemblyQC: A NextFlow pipeline for evaluating assembly quality	WorkflowHub	Plant-Food-Research-Open	Usman Rashid, Chen Wu, Jason Shiller, Ken Smith, Ross Crowhurst, Marcus Davy, Ting-Hsuan Chen, Susan Thomson, Cecilia Deng	2024-06-25	2024-06-25	profil.* in description	Reject
https:/workflowhub.eu/workflows/556?version=7	The Polygenic Score Catalog Calculator	WorkflowHub	Polygenic Score Catalog	Samuel Lambert, Benjamin Wingfield, Laurent Gil	2024-11-01	2024-11-01	profil.* in description	To Curate
https:/workflowhub.eu/workflows/683?version=3	ONTViSc (ONT-based Viral Screening for Biosecurity)	WorkflowHub	QCIF Bioinformatics	Marie-Emilie  Gauthier, Craig Windell, Magdalena Antczak, Roberto Barrero	2024-12-18	2024-12-18	Amplicon in description	To Curate
https:/workflowhub.eu/workflows/649?version=1	Workflow 2: Data Cleaning And Chimera Removal [16S Microbial Analysis With Mothur]	WorkflowHub	QCIF Bioinformatics	Saskia Hiltemann, Bérénice Batut, Dave Clements, Ahmed Mehdi	2023-11-09	2023-11-09	metage.* in tags	To Curate
https:/workflowhub.eu/workflows/624?version=1	Analyses of shotgun metagenomics data with MetaPhlAn2	WorkflowHub	QCIF Bioinformatics	Valentine Murigneux, Mike Thang, Saskia Hiltemann, Bérénice Batut	2023-10-26	2024-04-05	edam	Keep
https:/workflowhub.eu/workflows/650?version=1	Workflow 3: Classification [Galaxy Training: 16S Microbial Analysis With Mothur]	WorkflowHub	QCIF Bioinformatics	Saskia Hiltemann, Bérénice Batut, Dave Clements, Ahmed Mehdi	2023-11-09	2023-11-09	metage.* in tags	To Curate
https:/workflowhub.eu/workflows/648?version=1	Workflow 1: Further Quality Control [16S Microbial Analysis With Mothur]	WorkflowHub	QCIF Bioinformatics	Saskia  Hiltemann, Bérénice Batut, Dave Clements, Ahmed Mehdi	2023-11-09	2023-11-09	metage.* in tags	To Curate
https:/workflowhub.eu/workflows/652?version=1	Workflow 6: Alpha Diversity [16S Microbial Analysis With Mothur]	WorkflowHub	QCIF Bioinformatics	Saskia Hiltemann, Bérénice Batut, Dave Clements, Ahmed Mehdi	2023-11-09	2023-11-09	metage.* in tags	To Curate
https:/workflowhub.eu/workflows/653?version=1	Workflow 7 : Beta Diversity [16S Microbial Analysis With Mothur]	WorkflowHub	QCIF Bioinformatics	Saskia Hiltemann, Bérénice Batut, Dave Clements, Ahmed Mehdi	2023-11-09	2023-11-09	metage.* in tags	To Curate
https:/workflowhub.eu/workflows/232?version=1	16S_biodiversity_for_overlap_paired_end	WorkflowHub	QCIF Bioinformatics		2021-11-10	2024-04-17	edam	Keep
https:/workflowhub.eu/workflows/233?version=1	16S_biodiversity_for_nonoverlap_paired_end	WorkflowHub	QCIF Bioinformatics		2021-11-10	2024-04-17	edam	Keep
https:/workflowhub.eu/workflows/651?version=1	Workflow 5: OTU Clustering [16S Microbial Analysis With Mothur]	WorkflowHub	QCIF Bioinformatics	Saskia Hiltemann, Bérénice Batut, Dave Clements, Ahmed Mehdi	2023-11-09	2023-11-09	metage.* in tags	To Curate
https:/workflowhub.eu/workflows/1199?version=2	Taxonomy classification using Kraken2 and Bracken	WorkflowHub	QCIF Bioinformatics	Valentine Murigneux, Mike Thang	2024-12-10	2024-12-10	edam	To Curate
https:/workflowhub.eu/workflows/521?version=1	SARS-CoV-2 ONT Amplicon Sequencing SANBI 1.0	WorkflowHub	SANBI Pathogen Bioinformatics		2023-06-29	2023-06-29	Amplicon in name	To Curate
https:/workflowhub.eu/workflows/519?version=1	SARS-CoV-2 Illumina Amplicon pipeline - SANBI - v1.2	WorkflowHub	SANBI Pathogen Bioinformatics	Peter van Heusden, Bradley W. Langhorst	2023-06-28	2023-06-30	Amplicon in name	To Curate
https:/workflowhub.eu/workflows/664?version=1	covid-sequence-analysis-workflow	WorkflowHub	SARS-CoV-2 Data Hubs	David Yuan	2023-11-14	2023-11-14	profil.* in description	Reject
https:/workflowhub.eu/workflows/104?version=1	ENA SARS-CoV-2 Nanopore Amplicon Sequencing Analysis Workflow	WorkflowHub	SARS-CoV-2 Data Hubs	David F. Nieuwenhuijse,  Alexey Sokolov	2021-02-12	2023-11-24	Amplicon in name	Reject
https:/workflowhub.eu/workflows/156?version=1	SAMBA: Standardized and Automated MetaBarcoding Analyses workflow	WorkflowHub	SeBiMER	Cyril Noel, Alexandre Cormier, Laura Leroi, Patrick Durand	2021-09-10	2025-06-05	metabar.* in tags	To Curate
https:/workflowhub.eu/workflows/1727?version=1	SAMBA-norovirus	WorkflowHub	SeBiMER	Cyril Noel, Antoine Veron, Françoise Vincent-Hubert, Julien Schaeffer, Marion Desdouits, Soizick Le Guyader	2025-06-10	2025-06-10	edam	To Curate
https:/workflowhub.eu/workflows/470?version=1	Workflow 4: Staramr	WorkflowHub	Seq4AMR		2023-05-11	2024-09-09	amr in tags	To Curate
https:/workflowhub.eu/workflows/407?version=1	Workflow 3: AMR - SeqSero2/SISTR	WorkflowHub	Seq4AMR		2022-11-24	2024-09-09	antimicrobial.* in tags	To Curate
https:/workflowhub.eu/workflows/1189?version=2	AMR-Pathfinder	WorkflowHub	Seq4AMR, ErasmusMC Clinical Bioinformatics	Helena Rasche, Dennis Dollée, Birgit Rijvers	2024-11-14	2024-12-24	amr in tags	Keep
https:/workflowhub.eu/workflows/1183?version=1	Metaenome-Atlas	WorkflowHub	Snakemake-Workflows		2024-10-21	2024-10-21	edam	Keep
https:/workflowhub.eu/workflows/1361?version=1	BVSim: A Benchmarking Variation Simulator Mimicking Human Variation Spectrum	WorkflowHub	Structural Variation Analysis	Yongyi Luo, Zhen Zhang, Jiandong Shi, Jingyu Hao, Sheng Lian, Taobo Hu, Toyotaka Ishibashi, Depeng Wang, Shu Wang, Weichuan Yu, Xiaodan Fan	2025-05-10	2025-05-10	profil.* in description	Reject
https:/workflowhub.eu/workflows/327?version=1	Shotgun-Metagenomics-Analysis	WorkflowHub	Sydney Informatics Hub, Australian BioCommons	Cali Willet, Rosemarie Sadsad, Tracy Chew	2022-04-07	2023-01-16	edam	To Curate
https:/workflowhub.eu/workflows/393?version=1	IndexReferenceFasta-nf	WorkflowHub	Sydney Informatics Hub, Australian BioCommons	Georgina Samaha	2022-10-12	2023-01-16	16S in description	Reject
https:/workflowhub.eu/workflows/1818?version=1	reference (and plasmid) preprocessing workflow	WorkflowHub	Systems and Synthetic Biology	Martijn Melissen	2025-07-22	2025-08-12	plasmid.* in tags	To Curate
https:/workflowhub.eu/workflows/1868?version=1	Long Read WGS pipeline	WorkflowHub	Systems and Synthetic Biology	Martijn Melissen	2025-08-12	2025-08-12	plasmid.* in tags	Keep
https:/workflowhub.eu/workflows/417?version=1	CoVigator pipeline: variant detection pipeline for Sars-CoV-2 (and other viruses...)	WorkflowHub	TRON gGmbH	Pablo Riesgo Ferreiro, Thomas Bukur, Patrick Sorn	2023-01-17	2023-01-17	Amplicon in description	Reject
https:/workflowhub.eu/workflows/418?version=1	TronFlow alignment pipeline	WorkflowHub	TRON gGmbH		2023-01-17	2023-01-17	profil.* in description	To Curate
https:/workflowhub.eu/workflows/666?version=1	sanger-tol/insdcdownload v1.0.1 - Hefty mûmakil	WorkflowHub	Tree of Life Genome Analysis	Matthieu Muffato, Priyanka Surana	2023-11-14	2023-11-14	profil.* in description	To Curate
https:/workflowhub.eu/workflows/638?version=1	sanger-tol/insdcdownload v1.1.0 - Deciduous ent	WorkflowHub	Tree of Life Genome Analysis	Matthieu Muffato, Priyanka Surana	2023-11-02	2023-11-14	profil.* in description	To Curate
https:/workflowhub.eu/workflows/665?version=1	sanger-tol/readmapping v1.1.0 - Hebridean Black	WorkflowHub	Tree of Life Genome Analysis	 Priyanka Surana	2023-11-14	2023-11-14	profil.* in description	To Curate
https:/workflowhub.eu/workflows/667?version=1	sanger-tol/ensemblrepeatdownload v1.0.0 - Gwaihir the Windlord	WorkflowHub	Tree of Life Genome Analysis	Matthieu Muffato, Priyanka Surana	2023-11-14	2023-11-14	profil.* in description	To Curate
https:/workflowhub.eu/workflows/668?version=1	sanger-tol/treeval v1.0 - Ancient Atlantis	WorkflowHub	Tree of Life Genome Assembly	Damon-Lee Pointon, Will Eagles, Ying Sims, Matthieu Muffato, Priyanka Surana	2023-11-14	2023-11-14	profil.* in description	To Curate
https:/workflowhub.eu/workflows/813?version=1	sanger-tol/treeval v1.1.0 - Ancient Aurora	WorkflowHub	Tree of Life Genome Assembly	Damon-Lee Pointon, William Eagles, Ying Sims	2024-04-09	2024-04-09	profil.* in description	To Curate
https:/workflowhub.eu/workflows/1321?version=1	sanger-tol/curationpretext	WorkflowHub	Tree of Life Genome Assembly, Tree of Life Genome Analysis	Damon-Lee Pointon	2025-03-12	2025-03-12	profil.* in description	To Curate
https:/workflowhub.eu/workflows/1320?version=1	sanger-tol/curationpretext	WorkflowHub	Tree of Life Genome Assembly, Tree of Life Genome Analysis	Damon-Lee Pointon	2025-03-12	2025-03-12	profil.* in description	To Curate
https:/workflowhub.eu/workflows/154?version=2	Quality assessment, amplicon classification and functional prediction	WorkflowHub	UNLOCK	Bart Nijsse, Jasper Koehorst	2021-09-30	2025-09-11	Amplicon in tags	To Curate
https:/workflowhub.eu/workflows/1952?version=1	Longread 16S classification workflow	WorkflowHub	UNLOCK	Bart Nijsse, Jasper Koehorst	2025-09-10	2025-09-10	Amplicon in tags	Keep
https:/workflowhub.eu/workflows/1170?version=1	Microbial (meta-) genome annotation	WorkflowHub	UNLOCK	Jasper Koehorst, Bart Nijsse	2024-10-01	2025-10-03	metage.* in tags	To Curate
https:/workflowhub.eu/workflows/64?version=12	Metagenomic Binning from Assembly	WorkflowHub	UNLOCK	Jasper Koehorst, Bart Nijsse	2025-10-03	2025-10-03	edam	To Curate
https:/workflowhub.eu/workflows/45?version=7	NGTax	WorkflowHub	UNLOCK	Jasper Koehorst, Bart Nijsse	2020-10-28	2023-01-16	16S in tags	To Curate
https:/workflowhub.eu/workflows/337?version=1	LongRead Quality Control and Filtering	WorkflowHub	UNLOCK	Bart Nijsse, Jasper Koehorst, Germán Royval	2022-04-21	2023-04-07	edam	Keep
https:/workflowhub.eu/workflows/372?version=1	Metagenomic GEMs from Assembly	WorkflowHub	UNLOCK	Bart Nijsse, Jasper Koehorst	2022-07-07	2023-01-16	edam	To Curate
https:/workflowhub.eu/workflows/254?version=3	Nanopore Assembly Workflow - Deprecated -	WorkflowHub	UNLOCK	Bart Nijsse, Jasper Koehorst, Germán Royval	2022-04-20	2023-02-02	edam	To Curate
https:/workflowhub.eu/workflows/367?version=3	(Hybrid) Metagenomics workflow	WorkflowHub	UNLOCK	Bart Nijsse, Jasper Koehorst, Changlin Ke	2025-09-09	2025-09-09	edam	Keep
https:/workflowhub.eu/workflows/264?version=1	RNA sequencing data obtained from organisms with a reference genome and annotation followed by a prediction step of editing sites using RDDpred	WorkflowHub	VIB Bioinformatics Core		2022-01-27	2023-01-16	profil.* in description	To Curate
https:/workflowhub.eu/workflows/1729?version=1	AmpSeeker	WorkflowHub	Vector informatics and genomics group		2025-06-12	2025-06-12	Amplicon in description	Keep
https:/workflowhub.eu/workflows/1965?version=2	Snakemake workflow for PacBio WGS short and long variant calling, phasing and much more	WorkflowHub	WGGC	daniel rickert	2025-10-17	2025-10-28	profil.* in description	To Curate
https:/workflowhub.eu/workflows/1786?version=1	[DTC-V3] WF5301: Lava flow	WorkflowHub	WP5 - Volcanoes		2025-07-01	2025-07-01	profil.* in description	Reject
https:/workflowhub.eu/workflows/1997?version=1	[DTC-E6] WF7601: Synthetic Shaking Workflow	WorkflowHub	WP7 - Earthquakes	Maren Böse, Savas Ceylan, Johannes Kemper	2025-10-14	2025-10-14	profil.* in description	Reject
https:/workflowhub.eu/workflows/1998?version=1	[DTC-E6] WF7602: ShakeMaps from Parametric Data	WorkflowHub	WP7 - Earthquakes	Maren Böse, Savas Ceylan, Johannes Kemper	2025-10-14	2025-10-14	profil.* in description	Reject
https:/workflowhub.eu/workflows/1339?version=1	COMPSs Matrix Multiplication resourceUsage profiling example MN5 MSIZE=20 BSIZE=768 7 Nodes total	WorkflowHub	Workflows and Distributed Computing	Raül Sirvent, Rosa M Badia	2025-04-15	2025-04-15	profil.* in name	Reject
https:/workflowhub.eu/workflows/1338?version=1	Matrix Multiplication – resource usage visualization	WorkflowHub	Workflows and Distributed Computing	Raül Sirvent, Nicolò Giacomini	2025-04-14	2025-04-14	profil.* in description	Reject
https:/workflowhub.eu/workflows/1326?version=1	Lysozyme in water full with new provenance run features	WorkflowHub	Workflows and Distributed Computing		2025-03-28	2025-03-28	profil.* in description	Reject
https:/workflowhub.eu/workflows/402?version=8	X-omics ACTIONdemonstrator analysis workflow	WorkflowHub	X-omics	Casper de Visser, Anna Niehues	2023-11-24	2023-11-24	profil.* in description	To Curate
https:/workflowhub.eu/workflows/447?version=1	ZARP: An automated workflow for processing of RNA-seq data	WorkflowHub	Zavolan Lab	Zavolan Lab	2023-03-21	2023-05-12	profil.* in description	To Curate
https:/workflowhub.eu/workflows/1960?version=1	Soil Metagenome Pipeline	WorkflowHub	ZiemertLab	Caner Bagci	2025-09-19	2025-09-19	edam	To Curate
https:/workflowhub.eu/workflows/1955?version=2	Gene Expression Analysis Workflow in Complex Microbiomes	WorkflowHub	bonohulab	Ryo Mameda, Sora Yonezawa	2025-10-02	2025-10-02	metage.* in tags	Keep
https:/workflowhub.eu/workflows/2010?version=1	3D genome builder (3DGB)	WorkflowHub	datafun		2025-10-26	2025-10-26	profil.* in description	Keep
https:/workflowhub.eu/workflows/384?version=3	A workflow for marine Genomic Observatories data analysis	WorkflowHub	emo-bon	Haris Zafeiropoulos, Martin Beracochea	2023-05-16	2023-05-16	metage.* in description	Keep
https:/workflowhub.eu/workflows/2007?version=1	Genetic Design (Gibson, Golden Gate, LCR)	WorkflowHub	galaxy-SynBioCAD		2025-10-24	2025-10-30	plasmid.* in description	Reject
https:/workflowhub.eu/workflows/2009?version=1	Genetic Design (BASIC Assembly)	WorkflowHub	galaxy-SynBioCAD		2025-10-24	2025-10-30	plasmid.* in description	Reject
https:/workflowhub.eu/workflows/1342?version=2	Gene Fetch	WorkflowHub	iBOL Europe Museum Skimming, Biodiversity Genomics Europe (general)	Dan Parsons, Ben Price	2025-04-17	2025-06-01	16S in description	Reject
https:/workflowhub.eu/workflows/966?version=10	nf-core/bacass	WorkflowHub	nf-core	Andreas Wilm	2025-10-19	2025-10-19	profil.* in description	To Curate
https:/workflowhub.eu/workflows/964?version=28	nf-core/ampliseq	WorkflowHub	nf-core	Daniel Straub, Alexander Peltzer	2025-10-10	2025-10-10	metage.* in tags	To Curate
https:/workflowhub.eu/workflows/987?version=12	nf-core/funcscan	WorkflowHub	nf-core	Jasmin Frangenberg, Anan Ibrahim, James A. Fellows Yates	2025-10-06	2025-10-06	metage.* in tags	To Curate
https:/workflowhub.eu/workflows/974?version=4	nf-core/coproid	WorkflowHub	nf-core	Maxime Borry	2025-05-23	2025-05-23	microbiom.* in tags	To Curate
https:/workflowhub.eu/workflows/997?version=6	nf-core/metatdenovo	WorkflowHub	nf-core	Danilo Di Leo, Emelie Nilsson & Daniel Lundin	2025-09-03	2025-09-03	metage.* in tags	To Curate
https:/workflowhub.eu/workflows/1025?version=16	nf-core/taxprofiler	WorkflowHub	nf-core	James A. Fellows Yates, Sofia Stamouli, Moritz E. Beber, Lauri Mesilaakso, Thomas A. Christensen II, Jianhong Ou, Mahwash Jamy, Maxime Borry, Rafal Stepien, Tanja Normark	2025-09-03	2025-09-03	metage.* in tags	To Curate
https:/workflowhub.eu/workflows/1010?version=10	nf-core/pixelator	WorkflowHub	nf-core	Pixelgen Technologies AB	2025-06-25	2025-06-25	Amplicon in description	To Curate
https:/workflowhub.eu/workflows/1742?version=1	nf-core/createtaxdb	WorkflowHub	nf-core		2025-06-20	2025-06-20	metage.* in tags	To Curate
https:/workflowhub.eu/workflows/963?version=17	nf-core/airrflow	WorkflowHub	nf-core	Gisela Gabernet, Simon Heumos, Alexander Peltzer	2025-06-11	2025-06-11	Amplicon in description	To Curate
https:/workflowhub.eu/workflows/1276?version=1	nf-core/fastqrepair	WorkflowHub	nf-core		2025-02-04	2025-03-14	profil.* in description	To Curate
https:/workflowhub.eu/workflows/1016?version=3	nf-core/riboseq	WorkflowHub	nf-core	Jonathan Manning	2025-02-04	2025-03-14	profil.* in description	To Curate
https:/workflowhub.eu/workflows/1007?version=5	nf-core/pangenome	WorkflowHub	nf-core	Simon Heumos, Michael L Heuer	2025-02-10	2025-03-14	profil.* in description	To Curate
https:/workflowhub.eu/workflows/1009?version=2	nf-core/phyloplace	WorkflowHub	nf-core	Daniel Lundin	2025-02-25	2025-02-25	profil.* in description	To Curate
https:/workflowhub.eu/workflows/1001?version=2	nf-core/molkart	WorkflowHub	nf-core	@kbestak None, @kbestak None, @FloWuenne None, @FloWuenne None	2025-03-26	2025-03-26	profil.* in description	To Curate
https:/workflowhub.eu/workflows/1179?version=4	nf-core/scnanoseq	WorkflowHub	nf-core	Austyn Trull, Lara Ianov	2025-09-06	2025-09-06	profil.* in description	To Curate
https:/workflowhub.eu/workflows/1293?version=3	nf-core/pacvar	WorkflowHub	nf-core		2025-03-26	2025-03-26	profil.* in description	To Curate
https:/workflowhub.eu/workflows/1178?version=3	nf-core/multiplesequencealign	WorkflowHub	nf-core	Luisa Santus, Jose Espinosa Carrasco	2025-05-29	2025-05-29	profil.* in description	To Curate
https:/workflowhub.eu/workflows/985?version=4	nf-core/fastquorum	WorkflowHub	nf-core	Nils Homer	2025-04-13	2025-04-13	profil.* in description	To Curate
https:/workflowhub.eu/workflows/991?version=11	nf-core/hlatyping	WorkflowHub	nf-core	Christopher Mohr, Alexander Peltzer, Sven Fillinger	2025-04-16	2025-04-16	profil.* in description	To Curate
https:/workflowhub.eu/workflows/999?version=24	nf-core/mhcquant	WorkflowHub	nf-core	Leon Bichmann	2025-05-24	2025-05-24	profil.* in description	To Curate
https:/workflowhub.eu/workflows/1004?version=6	nf-core/nascent	WorkflowHub	nf-core	Ignacio Tripodi, Margaret Gruca	2025-05-09	2025-05-09	profil.* in description	To Curate
https:/workflowhub.eu/workflows/968?version=7	nf-core/bamtofastq	WorkflowHub	nf-core	Friederike Hanssen	2025-05-24	2025-05-24	profil.* in description	To Curate
https:/workflowhub.eu/workflows/984?version=9	nf-core/epitopeprediction	WorkflowHub	nf-core	Christopher Mohr, Alexander Peltzer	2025-05-10	2025-05-10	profil.* in description	To Curate
https:/workflowhub.eu/workflows/1360?version=1	nf-core/methylong	WorkflowHub	nf-core		2025-05-10	2025-05-10	profil.* in description	To Curate
https:/workflowhub.eu/workflows/1021?version=17	nf-core/scrnaseq	WorkflowHub	nf-core	Peter J Bailey, Bailey PJ, Alexander Peltzer, Botvinnik O, Olga Botvinnik, Marques de Almeida F, Peltzer A, Sturm G	2025-03-26	2025-03-26	profil.* in description	To Curate
https:/workflowhub.eu/workflows/1003?version=7	nf-core/nanostring	WorkflowHub	nf-core	Peltzer None, Alexander & Mohr, Christopher None	2025-01-28	2025-03-14	profil.* in description	To Curate
https:/workflowhub.eu/workflows/1757?version=2	Joon-Klaps/viralgenie	WorkflowHub	nf-core	Joon-Klaps None, Joon-Klaps None	2025-06-25	2025-06-25	metage.* in tags	Keep
https:/workflowhub.eu/workflows/1014?version=11	nf-core/raredisease	WorkflowHub	nf-core	Clinical Genomics Stockholm	2025-06-26	2025-06-26	profil.* in description	To Curate
https:/workflowhub.eu/workflows/1019?version=4	nf-core/rnavar	WorkflowHub	nf-core	@praveenraj2018 None, @praveenraj2018 None	2025-09-03	2025-09-03	profil.* in description	To Curate
https:/workflowhub.eu/workflows/44?version=37	nf-core/rnaseq	WorkflowHub	nf-core	Harshil Patel, Phil Ewels, Rickard Hammarén	2025-09-03	2025-09-03	profil.* in description	To Curate
https:/workflowhub.eu/workflows/1108?version=7	nf-core/pairgenomealign	WorkflowHub	nf-core	charles-plessy None, charles-plessy None	2025-09-03	2025-09-03	profil.* in description	To Curate
https:/workflowhub.eu/workflows/1006?version=4	nf-core/oncoanalyser	WorkflowHub	nf-core	Stephen Watts	2025-09-03	2025-09-03	profil.* in description	To Curate
https:/workflowhub.eu/workflows/995?version=30	nf-core/mag	WorkflowHub	nf-core	No author provided, Hadrien Gourlé, Daniel Straub, Sabrina Krakau	2025-05-23	2025-05-23	metage.* in tags	To Curate
https:/workflowhub.eu/workflows/1100?version=4	nf-core/denovotranscript	WorkflowHub	nf-core	Avani Bhojwani and Timothy Little	2025-09-03	2025-09-03	profil.* in description	To Curate
https:/workflowhub.eu/workflows/983?version=30	nf-core/eager	WorkflowHub	nf-core	Alexander Peltzer, The nf-core/eager community, Stephen Clayton, James A Fellows-Yates	2025-03-26	2025-03-26	metage.* in tags	To Curate
https:/workflowhub.eu/workflows/1250?version=1	nf-core/rangeland	WorkflowHub	nf-core		2025-01-18	2025-03-14	profil.* in description	To Curate
https:/workflowhub.eu/workflows/998?version=20	nf-core/methylseq	WorkflowHub	nf-core	Phil Ewels	2025-08-13	2025-08-13	profil.* in description	To Curate
https:/workflowhub.eu/workflows/1027?version=11	nf-core/viralrecon	WorkflowHub	nf-core	Sarai Varona and Sara Monzon, Patel H, Varona S and Monzon S	2024-06-11	2024-06-11	metage.* in tags	To Curate
https:/workflowhub.eu/workflows/979?version=3	nf-core/detaxizer	WorkflowHub	nf-core	Jannik Seidel	2025-08-08	2025-08-08	metage.* in tags	To Curate
https:/workflowhub.eu/workflows/1307?version=4	nf-core/variantbenchmarking	WorkflowHub	nf-core		2025-08-02	2025-08-02	profil.* in description	To Curate
https:/workflowhub.eu/workflows/1325?version=3	nf-core/genomeassembler	WorkflowHub	nf-core		2025-07-22	2025-07-22	profil.* in description	To Curate
https:/workflowhub.eu/workflows/1266?version=2	nf-core/drugresponseeval	WorkflowHub	nf-core		2025-07-07	2025-07-07	profil.* in description	To Curate
https:/workflowhub.eu/workflows/1217?version=1	nf-core/metapep	WorkflowHub	nf-core	Sabrina Krakau, Leon Kuchenbecker and Till Englert	2024-11-23	2024-11-23	metap.* in name	To Curate
https:/workflowhub.eu/workflows/1763?version=1	nf-core/pathogensurveillance	WorkflowHub	nf-core		2025-06-29	2025-06-29	profil.* in description	To Curate
https:/workflowhub.eu/workflows/1055?version=3	nf-core/demo	WorkflowHub	nf-core	Christopher Hakkaart	2025-06-29	2025-06-29	Amplicon in description	To Curate
https:/workflowhub.eu/workflows/1294?version=5	nf-core/proteinfamilies	WorkflowHub	nf-core		2025-08-08	2025-08-08	metage.* in tags	To Curate
https:/workflowhub.eu/workflows/978?version=15	nf-core/demultiplex	WorkflowHub	nf-core	Chelsea Sawyer, Edmund Miller, Matthias De Smet	2025-04-26	2025-04-26	profil.* in description	To Curate
https:/workflowhub.eu/workflows/19?version=1	nf-core/viralrecon	WorkflowHub	nf-core viralrecon	Sarai Varona and Miguel Juliá and Sara Monzon and Alexander Peltzer and Alison Meynert and Edgar Garriga Nogales and Erik Garrison and Gisela Gabernet and Harshil Patel and Joao Curado and Jose Espinosa-Carrasco and Katrin Sameith and Marta Pozuelo and Maxime Garcia and Michael Heuer and Phil Ewels and Simon Heumos and Stephen Kelly and Thanh Le Viet and Isabel Cuesta	2020-05-14	2023-01-16	metage.* in description	To Curate
https:/workflowhub.eu/workflows/20?version=1	nf-core/vipr	WorkflowHub	nf-core viralrecon	Andreas Wilm and October SESSIONS and Paola Florez DE SESSIONS and ZHU Yuan and Shuzhen SIM and CHU Wenhan Collins	2020-05-14	2023-01-16	metage.* in description	To Curate
https:/workflowhub.eu/workflows/309?version=1	VGP genome profile analysis	WorkflowHub	usegalaxy-eu	Delphine Lariviere	2022-04-05	2023-01-16	profil.* in name	To Curate
https:/workflowhub.eu/workflows/619?version=1	PipePatExp - Pipeline to aggregate gene expression correlation information for PPI	WorkflowHub	yPublish - Bioinfo tools	Yasmmin Martins	2023-10-22	2023-10-22	profil.* in description	To Curate
